Emp ID,First Name,Last Name,DOB,SSN,State
1128,Jessica,Sheppard,1970-05-24,***-**-4987,RI
1988,Sarah,Rodriguez,1986-07-18,***-**-8700,WY
573,Steven,Parker,1981-09-20,***-**-5891,NE
107,Patricia,Bennett,1984-06-08,***-**-0424,LA
2040,Lisa,Mathis,1957-01-27,***-**-3247,WI
1103,Dale,Garza,1982-09-01,***-**-4719,MI
748,Jeffrey,Guerra,1983-10-22,***-**-9519,VT
1516,Anthony,Martinez,1958-01-16,***-**-0874,OR
1143,Jorge,Howard,1982-04-18,***-**-0640,KY
1374,Jennifer,Austin,1984-04-10,***-**-4858,WA
1517,Calvin,Sosa,1969-02-28,***-**-8986,PA
1649,Isaac,Franco,1989-08-29,***-**-3428,ND
566,Norman,Harris,1981-02-10,***-**-7233,MN
965,Becky,Carroll,1992-08-16,***-**-3619,TX
277,Kellie,Montgomery,1970-03-11,***-**-8490,ME
696,Amber,Mullen,1987-05-23,***-**-5573,NM
1356,Andrew,Bennett,1988-10-02,***-**-5167,OK
1443,Jacob,Taylor,1988-10-16,***-**-1835,CA
1423,Gregory,Day,1982-06-07,***-**-9482,NV
160,Danielle,Smith,1972-01-31,***-**-3726,AZ
1540,Nathan,Sims,1982-06-29,***-**-4681,AK
1305,Lisa,Lawrence,1957-12-19,***-**-9699,TN
299,Kristen,Morales,1963-05-17,***-**-4085,SD
1285,Lee,Terry,1965-02-26,***-**-3702,ME
172,Vincent,Williams,1974-03-03,***-**-3233,OR
1837,James,Mcfarland,1992-05-29,***-**-7711,TX
231,Arthur,Lawrence,1974-06-11,***-**-4845,SC
743,Randy,Christian,1962-11-01,***-**-4642,MT
290,Ashley,Hurley,1970-08-20,***-**-6712,SD
1691,Sarah,Stewart,1969-02-02,***-**-1055,IN
1744,Justin,Williams,1976-06-09,***-**-4152,WA
615,Frederick,Sanchez,1978-07-21,***-**-8901,OR
1427,Sarah,Baldwin,1964-01-10,***-**-3313,SC
252,John,Larson,1989-03-13,***-**-9091,CT
1418,Christina,Nielsen,1957-04-18,***-**-4490,SD
732,Jesse,Jones,1959-02-14,***-**-5626,VT
1198,Dorothy,Beltran,1986-11-16,***-**-2110,LA
2116,Tammy,Brock,1992-04-24,***-**-3729,MN
946,Melissa,Mitchell,1975-03-25,***-**-6449,KS
921,James,Ramirez,1983-06-09,***-**-6140,FL
1706,Benjamin,Long,1971-12-25,***-**-4171,ND
2039,William,Shields,1970-06-19,***-**-4599,TN
1378,Crystal,Brooks,1962-11-27,***-**-4904,NY
772,Richard,Gilbert,1962-10-11,***-**-7467,MO
1558,Beth,Davis,1990-11-17,***-**-2566,DE
14,Tyler,Brown,1964-07-13,***-**-0128,ME
513,Melissa,Duncan,1985-03-20,***-**-5735,NH
1002,Alexandra,Berry,1973-04-10,***-**-4917,CA
863,Ashley,Morgan,1957-01-29,***-**-5705,ME
1026,Matthew,Beasley,1969-05-30,***-**-7294,DE
433,Angela,Gregory,1980-05-14,***-**-1822,AR
1404,Michelle,Smith,1991-05-30,***-**-5222,ID
657,Kristopher,Meyer,1979-04-06,***-**-4588,CO
1875,Patrick,Barron,1985-11-25,***-**-9394,AK
285,Mike,Reeves,1963-02-27,***-**-8915,GA
875,Heidi,Bell,1958-07-05,***-**-9662,TN
586,Donald,Young,1991-05-31,***-**-9174,ID
1831,Megan,Smith,1989-12-23,***-**-9069,NH
1536,Cheryl,Barrera,1975-07-29,***-**-3870,OR
624,Megan,Thomas,1967-07-27,***-**-4278,AK
596,Lisa,Stone,1967-01-02,***-**-2423,GA
500,Reginald,Smith,1976-05-04,***-**-0992,VA
1954,Deborah,Ayers,1980-06-05,***-**-8040,GA
1118,Steven,Roberts,1980-04-10,***-**-1943,WV
1112,Savannah,Smith,1974-01-29,***-**-3554,MS
66,Samantha,Thompson,1958-04-11,***-**-8610,TN
1997,Lindsay,Cruz,1970-03-14,***-**-9234,MD
1482,Edward,Hamilton,1972-08-06,***-**-7328,NE
996,Michelle,Reed,1991-06-11,***-**-3749,CA
1015,Jeffrey,Donaldson,1984-08-22,***-**-4075,IA
2079,Brittany,Chavez,1982-07-13,***-**-4926,WY
23,Christopher,Greene,1963-07-15,***-**-3700,ME
1555,Robert,Rangel,1963-01-30,***-**-5076,MT
728,Emily,Armstrong,1961-11-10,***-**-5902,NH
836,Beth,Estrada,1957-12-08,***-**-4848,NY
1620,Donna,Butler,1963-06-12,***-**-3521,ID
1597,Cynthia,Wells,1990-05-26,***-**-9753,ID
1270,Steve,Medina,1992-11-10,***-**-2125,OH
1254,Sharon,Smith,1973-10-31,***-**-8540,SC
579,Samuel,Velasquez,1973-12-22,***-**-7602,MS
1157,Gabrielle,Martinez,1974-12-25,***-**-5050,NC
621,Michelle,Johnson,1990-11-10,***-**-3933,NJ
1013,Lauren,Scott,1988-08-23,***-**-7641,NV
1251,Brittany,Wagner,1988-01-10,***-**-0524,NM
2119,Michael,Romero,1988-11-08,***-**-7219,WV
776,Jason,Kelley,1959-06-16,***-**-3807,KS
1091,Brad,Jackson,1985-12-27,***-**-9351,ME
700,Rodney,Jimenez,1976-05-01,***-**-2089,IA
254,Steven,Williams,1972-08-03,***-**-1509,HI
1821,Rebecca,Sanders,1970-05-02,***-**-7371,ND
1595,Harold,Potts,1960-04-02,***-**-7308,MD
1733,Lynn,Cortez,1975-04-20,***-**-4492,OH
1213,Stephanie,Sanders,1986-10-27,***-**-4035,TN
908,Tyler,Bridges,1990-07-23,***-**-1025,LA
246,Edward,Jones,1972-09-05,***-**-6467,IL
1125,Bruce,Smith,1961-01-21,***-**-4804,AZ
870,Sheila,Bradshaw,1969-10-07,***-**-1234,NH
57,Ernest,Jenkins,1966-11-20,***-**-5113,WI
430,Lisa,Williams,1986-01-21,***-**-0753,MS
226,Anna,Martinez,1977-03-22,***-**-1449,ID
444,Lisa,Diaz,1975-02-21,***-**-0151,NY
612,Amy,May,1974-01-05,***-**-4123,NJ
75,Kathryn,Gibson,1960-01-20,***-**-4605,WV
26,Timothy,Kirby,1972-01-26,***-**-5417,OR
897,John,Chavez,1972-02-14,***-**-4233,MI
1452,Spencer,Cole,1993-10-12,***-**-3934,NV
419,Aaron,Klein,1975-03-08,***-**-9830,WI
1552,Maxwell,Anderson,1966-09-18,***-**-5300,DE
1764,Brian,Schultz,1969-11-02,***-**-7839,MA
1920,Heather,Kramer,1959-04-14,***-**-2420,IA
1420,Kimberly,Brown,1983-09-16,***-**-7936,RI
1836,Justin,Davis,1973-04-30,***-**-0965,WY
85,Evan,Johnson,1967-03-03,***-**-8890,TX
543,Robert,Sanford,1975-09-09,***-**-9997,ND
1283,Meagan,Lopez,1976-06-08,***-**-7023,MS
1539,Shawn,Lindsey,1982-10-11,***-**-9646,KS
972,Emily,Johnson,1978-10-15,***-**-3801,NH
1544,Lance,Chambers,1990-11-06,***-**-9888,KS
1669,John,Young,1956-11-22,***-**-8229,AL
927,Marcus,Rogers,1976-06-08,***-**-3011,KY
1456,Claudia,King,1975-06-28,***-**-9304,NJ
979,David,Morton,1983-06-24,***-**-2468,RI
2118,Christine,Hines,1964-08-18,***-**-7354,NJ
1084,Kimberly,Rice,1974-10-13,***-**-5904,SD
750,Joseph,Rose,1965-03-19,***-**-3290,RI
758,Christina,Lynn,1976-10-09,***-**-4326,MT
987,Kirk,Jones,1969-06-29,***-**-7998,WI
799,John,Hughes,1960-10-13,***-**-3398,NC
1563,Mariah,Brown,1969-05-08,***-**-4973,ME
1359,Anthony,Kelly,1993-08-11,***-**-0866,SD
1163,Stephanie,Hamilton,1957-01-27,***-**-5919,WV
1083,Antonio,Pitts,1963-08-31,***-**-6298,FL
1514,Michael,Rowland,1972-02-07,***-**-1666,ID
1490,Barbara,Mitchell,1967-02-08,***-**-8486,NC
353,Lindsey,Knight,1990-10-06,***-**-2460,NJ
1571,Kristi,Young,1986-06-19,***-**-2756,KS
1560,Martha,Castillo,1964-05-16,***-**-7382,SD
1176,Denise,Wilson,1984-10-17,***-**-7310,WV
1309,Michelle,Taylor,1980-12-14,***-**-5485,WI
694,Christine,Miller,1979-11-23,***-**-5053,TX
1728,Thomas,Fisher,1959-05-01,***-**-5388,HI
1079,Isaac,Mathis,1963-04-22,***-**-7781,AZ
1204,Stephanie,Welch,1967-08-07,***-**-8938,LA
1466,Chelsea,Lang,1986-11-05,***-**-7524,HI
1255,Christopher,Mcguire,1964-07-09,***-**-5513,NY
28,Charles,Heath,1970-11-19,***-**-8882,MT
1241,Karen,Mcgee,1961-11-26,***-**-0476,VA
2018,Michael,Waller,1961-03-28,***-**-3017,TX
1928,Robert,Thompson,1970-12-08,***-**-9037,WV
1905,Leslie,Nichols,1970-12-08,***-**-3232,MN
889,Amy,Reed,1963-10-22,***-**-1180,NY
623,Nicole,Harris,1970-01-25,***-**-5820,MO
1454,James,Newman,1994-07-02,***-**-3909,AR
1790,Tristan,Vasquez,1961-03-30,***-**-1028,KS
416,Robert,Fritz,1966-06-03,***-**-3095,DE
459,Stephen,Foster,1986-07-07,***-**-2622,CO
1930,David,Robertson,1985-11-08,***-**-2514,MS
1402,Michael,Chang,1983-08-09,***-**-8493,NV
1682,Amy,Martinez,1959-08-02,***-**-1543,WV
805,Benjamin,Johnson,1974-04-26,***-**-9312,MO
1767,Anthony,Moore,1959-12-22,***-**-1898,IN
1231,Amy,Burns,1960-08-26,***-**-6040,TN
1849,Bryan,Nelson,1975-04-11,***-**-0949,IL
1228,Bryan,Larsen,1960-10-16,***-**-7673,OH
1439,Robert,Barr,1981-03-26,***-**-5223,VA
2000,Kathleen,Johnson,1985-04-19,***-**-1364,ME
991,Sean,Conley,1983-08-02,***-**-5803,NV
506,Kirsten,Ho,1974-11-23,***-**-6496,ME
11,Nicholas,Harrison,1958-12-22,***-**-5796,NY
451,Cheyenne,Downs,1966-11-09,***-**-0100,RI
603,Kevin,Manning,1976-04-07,***-**-9575,MT
486,Marie,Novak,1961-09-23,***-**-8322,NJ
186,Derrick,Martin,1959-01-21,***-**-7014,NJ
502,Melissa,King,1958-03-25,***-**-3851,OR
176,Adam,Cherry,1981-09-27,***-**-1736,ID
374,Andrea,Mcneil,1986-04-11,***-**-3917,HI
545,Alison,Torres,1992-01-18,***-**-2807,OR
1918,Michelle,Taylor,1986-02-24,***-**-9645,MN
1751,Jesus,Young,1966-04-14,***-**-4117,IA
1183,Cody,Smith,1958-05-19,***-**-1743,GA
200,Jessica,Collins,1987-11-12,***-**-1222,MN
1511,Kyle,Perkins,1966-11-18,***-**-9580,MI
704,Cindy,Sellers,1957-01-14,***-**-1112,GA
65,Casey,Weaver,1991-03-20,***-**-6829,SC
2057,Debra,Ford,1971-12-11,***-**-4528,MO
1481,Kathleen,Smith,1980-12-31,***-**-3766,CO
1708,Alexander,Collins,1984-05-29,***-**-9653,SD
1030,Rebecca,Oneal,1975-10-01,***-**-7157,SC
914,Angela,Wilson,1967-12-19,***-**-6254,AR
368,Kelsey,Ramirez,1978-11-22,***-**-8811,NC
1513,Ivan,Hill,1968-08-28,***-**-0083,OH
1284,Kevin,Lane,1982-05-31,***-**-7964,LA
1153,Kevin,Jimenez,1960-05-24,***-**-4965,VT
407,Edward,Hall,1991-02-24,***-**-0151,NC
1219,Lisa,Jacobson,1969-12-08,***-**-5217,CT
455,Jeremy,Perez,1990-06-22,***-**-3952,TX
1625,Morgan,Rodriguez,1988-02-13,***-**-9618,NC
1090,Matthew,Meadows,1974-07-20,***-**-5815,ID
372,Lisa,Stephens,1994-06-22,***-**-6572,AZ
1607,William,Wilkerson,1968-11-30,***-**-4399,GA
148,Kristina,Young,1987-09-22,***-**-8377,IA
1553,Susan,Reid,1965-06-26,***-**-2591,NJ
705,Elizabeth,Turner,1967-11-25,***-**-5101,NC
1350,Whitney,Goodman,1989-02-20,***-**-6689,IN
292,Erica,Thomas,1977-07-29,***-**-0938,KS
2097,Hailey,Riggs,1972-04-01,***-**-2619,CO
1099,Jeffery,Webster,1959-10-23,***-**-3861,TN
1959,Elizabeth,Anderson,1984-04-21,***-**-1828,TN
1651,Jessica,Jackson,1985-01-01,***-**-4999,MD
1034,Jim,Williams,1973-11-30,***-**-4033,DE
1336,Michael,Lane,1967-03-09,***-**-2550,TX
2054,Pamela,Guerra,1959-07-31,***-**-0796,AK
1509,Scott,Brown,1978-03-28,***-**-6997,MT
131,Alexis,Medina,1974-10-03,***-**-2841,MI
140,Kimberly,Robles,1984-08-25,***-**-3199,WV
937,Joel,Lara,1959-03-06,***-**-1980,CT
1277,Chelsea,Rivera,1986-02-14,***-**-1067,MI
720,Brandon,Davis,1959-02-06,***-**-9493,NV
2092,George,Summers,1993-09-22,***-**-6604,NV
729,Heather,Martinez,1977-04-08,***-**-3793,OK
1502,Sharon,Jones,1986-02-10,***-**-0973,ND
786,Gabriela,Stewart,1987-07-22,***-**-4654,WY
1898,Mary,Camacho,1967-08-29,***-**-4308,OK
681,Rebecca,Lewis,1981-12-04,***-**-9952,NJ
2022,Michelle,Patel,1959-07-19,***-**-1627,IA
42,Joel,Stanton,1984-11-30,***-**-9603,RI
1527,Carly,Robinson,1990-04-07,***-**-8685,VA
661,Jocelyn,Boyd,1976-04-08,***-**-3078,CT
1409,Mark,Hayes,1979-11-04,***-**-3981,MI
1683,Nicole,Gordon,1974-11-26,***-**-2074,KY
334,Kevin,Cummings,1963-11-10,***-**-9813,MA
855,Brianna,Coleman,1986-06-22,***-**-4898,ID
448,Tamara,Nash,1985-12-10,***-**-4178,SC
134,Rodney,Hart,1975-12-13,***-**-2389,AZ
1156,Steven,Martin,1970-04-03,***-**-6426,KY
472,Denise,Alexander,1992-03-14,***-**-1207,OK
809,Erin,Brown,1980-05-23,***-**-5035,WY
1576,Joseph,Schmidt,1994-04-29,***-**-7769,IL
1000,Paul,Villa,1973-08-23,***-**-4562,NC
524,Harold,Torres,1982-10-01,***-**-9806,WV
366,William,Richmond,1983-03-29,***-**-4633,LA
960,Mary,Day,1982-02-14,***-**-5865,IN
311,Jennifer,Fuentes,1973-04-14,***-**-5121,GA
1783,Brandon,Sanders,1962-12-07,***-**-1120,WI
1394,Kathy,Wilson,1967-01-18,***-**-1177,MO
688,Joseph,Ward,1959-08-07,***-**-9600,VA
1347,Jessica,Gillespie,1986-03-03,***-**-0215,AL
38,Anthony,Hopkins,1988-08-08,***-**-2095,IA
721,Brittany,Owens,1990-04-21,***-**-3729,ME
235,James,Hunter,1991-04-01,***-**-0818,GA
1798,Jason,Soto,1968-03-09,***-**-5038,AK
563,Brandon,Phillips,1986-06-20,***-**-2666,AL
302,Emily,Cox,1973-04-03,***-**-1929,NC
2033,Kayla,Reese,1969-12-21,***-**-6984,NE
1065,Gavin,Rivera,1972-10-04,***-**-6271,SD
1188,Miranda,Mcdonald,1972-11-29,***-**-4147,MI
1037,Jerry,Wilson,1962-09-05,***-**-6641,IA
1584,Barbara,Oconnor,1982-11-15,***-**-9780,WV
860,Audrey,Moss,1969-01-07,***-**-5042,WV
415,Courtney,Bennett,1987-09-27,***-**-4205,IL
584,James,Rangel,1982-07-10,***-**-4627,ME
1757,Samantha,Martin,1988-10-15,***-**-1617,LA
1041,Rachel,Neal,1991-04-09,***-**-2388,ME
641,Linda,Brown,1985-06-03,***-**-0152,MS
1960,Valerie,Cummings,1969-09-04,***-**-3223,WI
1662,Jacqueline,Hoffman,1961-10-23,***-**-2618,ID
590,Miguel,Buck,1985-03-05,***-**-6117,WI
1570,Charles,Garrison,1957-07-18,***-**-2506,TX
736,John,Wright,1990-06-10,***-**-9753,LA
1533,Amy,Pratt,1988-02-25,***-**-1616,AK
2082,Spencer,Clark,1957-02-14,***-**-1777,VT
1619,Christopher,Johnson,1975-05-14,***-**-0661,OH
1494,Stephanie,Goodwin,1970-03-07,***-**-4487,NH
491,Kimberly,Rasmussen,1981-12-06,***-**-5834,NJ
1982,Rachel,Hayes,1983-05-18,***-**-3885,OR
2028,Tony,Pitts,1988-12-23,***-**-5643,AZ
1280,Joshua,Adams,1976-01-29,***-**-5919,OR
310,Anthony,Smith,1962-03-29,***-**-0832,LA
1435,Tiffany,Vargas,1968-12-16,***-**-3210,ME
422,Brian,Fry,1972-11-20,***-**-2425,MI
323,Jesse,Jones,1989-04-11,***-**-5926,WV
821,Mark,Allen,1978-10-17,***-**-5259,AZ
206,Evan,Bryan,1977-12-22,***-**-2978,OR
2023,Zoe,Wilson,1989-10-30,***-**-9478,VA
740,Jerome,Burns,1961-06-16,***-**-4140,HI
352,Michael,Roberts,1980-06-19,***-**-1994,CA
1643,Jonathan,Marsh,1962-03-11,***-**-2496,AL
815,Amanda,Barrett,1976-12-05,***-**-4090,ND
1036,Andrew,Davis,1993-11-23,***-**-9582,KS
1467,Audrey,Little,1965-03-13,***-**-7930,AL
1652,Scott,Yates,1974-07-16,***-**-2195,MN
1847,Charles,Harper,1964-09-15,***-**-4143,KY
1968,Gabrielle,Morris,1966-03-28,***-**-7804,PA
1425,Rachel,Howard,1980-02-24,***-**-8484,WY
1739,Diane,Clark,1972-04-17,***-**-4221,SD
1824,Cynthia,Davis,1962-10-26,***-**-4868,OR
317,Cynthia,Cortez,1972-11-06,***-**-6986,MA
910,Jennifer,Bradley,1984-05-22,***-**-4366,MI
523,Austin,Cervantes,1978-08-26,***-**-0673,MO
982,Christopher,Werner,1961-11-06,***-**-2052,MI
929,Joseph,Avila,1971-05-09,***-**-6515,IN
1926,Douglas,Saunders,1990-11-24,***-**-7909,NE
1129,Robin,Rios,1971-03-25,***-**-5116,WY
2068,Matthew,Kirby,1978-04-09,***-**-5264,VT
280,Carol,Jones,1988-09-23,***-**-8830,VT
1147,Larry,Cook,1987-10-18,***-**-4533,NV
1641,Paul,Taylor,1993-08-27,***-**-2129,NM
1057,Charlotte,Townsend,1978-06-15,***-**-2012,IA
1316,Andrew,Molina,1959-06-23,***-**-9589,IN
401,Christina,Blevins,1976-03-12,***-**-5666,WV
834,Amy,Nixon,1958-08-26,***-**-8968,WV
818,Lori,Wade,1978-07-25,***-**-1684,MN
1768,Cassandra,Knight,1977-06-16,***-**-3338,OR
1095,Timothy,Miller,1967-03-25,***-**-4271,DE
1760,Matthew,Byrd,1963-11-19,***-**-2667,CT
1438,Eric,Cross,1982-11-19,***-**-2123,IL
691,Keith,Fisher,1968-08-08,***-**-8435,NH
142,Brian,Wiley,1990-11-24,***-**-7693,PA
708,Katherine,Cain,1976-09-07,***-**-1330,NE
1101,Lisa,Little,1985-12-05,***-**-9815,DE
168,Elizabeth,Martin,1979-05-05,***-**-1796,IL
1743,Kimberly,Rangel,1990-09-16,***-**-8213,NJ
345,Michele,Cameron,1969-10-26,***-**-5529,NC
193,Carolyn,James,1980-09-26,***-**-8421,OK
919,Shannon,Stephens,1982-02-03,***-**-1082,OK
1422,Paul,Thomas,1988-08-20,***-**-1201,ND
850,Jennifer,Silva,1984-02-13,***-**-2957,NH
1445,Olivia,Price,1991-01-15,***-**-3802,NJ
251,William,Mendoza,1963-01-16,***-**-7434,TN
464,Robert,Hill,1974-12-11,***-**-9668,AK
1746,Christopher,Harris,1990-08-12,***-**-3876,AZ
1940,Anna,Bradshaw,1967-07-29,***-**-9055,IN
726,Stephanie,Gomez,1977-10-21,***-**-9738,AR
757,Travis,Huber,1991-07-26,***-**-0959,NJ
1458,Frederick,Jackson,1992-05-13,***-**-1210,NH
269,Robert,Shaw,1980-01-31,***-**-6108,IN
255,Brianna,Black,1973-04-06,***-**-0172,OR
305,Thomas,Moon,1986-04-24,***-**-9313,MO
367,Cynthia,Brown,1993-08-05,***-**-1496,RI
1038,Christopher,Bailey,1957-03-13,***-**-8123,IA
1762,Adam,Perkins,1983-07-10,***-**-5728,WY
369,Anita,Gray,1966-01-26,***-**-2599,WI
1138,Michelle,Hall,1991-02-04,***-**-4844,NY
1022,Matthew,Mcdaniel,1967-06-16,***-**-8605,ID
737,Renee,Freeman,1992-02-13,***-**-2091,UT
1375,Donald,Williams,1971-10-28,***-**-9180,AK
50,Karen,Leach,1971-08-20,***-**-8595,IL
2085,Andrew,Bailey,1974-03-20,***-**-3535,WV
2055,Leslie,Obrien,1980-11-20,***-**-6722,HI
828,Michael,Garcia,1977-10-15,***-**-4735,KY
1835,Tina,Hopkins,1973-03-08,***-**-4551,AR
882,Kelsey,Pierce,1959-06-11,***-**-5971,UT
253,John,Robinson,1992-08-18,***-**-6499,IA
188,Sandra,Cooper,1961-01-07,***-**-0052,MD
534,Morgan,Serrano,1967-01-01,***-**-8728,TN
1440,Arthur,Jones,1976-12-08,***-**-7004,NH
1426,Michele,Kane,1991-03-18,***-**-0762,CO
163,Justin,Chambers,1974-12-11,***-**-6828,RI
1967,Victoria,Odonnell,1990-11-15,***-**-7860,ID
1148,Robert,Tate,1958-06-19,***-**-7912,DE
1441,Kimberly,Harrison,1983-01-22,***-**-8825,KS
395,Madison,Herrera,1994-10-10,***-**-7928,NJ
1495,Pamela,Duke,1991-01-29,***-**-0016,VT
1983,Michelle,Mahoney,1967-08-24,***-**-1696,MD
483,Emma,Rivera,1968-12-01,***-**-2448,MN
1018,Timothy,Kidd,1969-10-16,***-**-8122,CO
2088,Robert,Anderson,1960-03-28,***-**-8513,AR
521,Lauren,Christian,1974-04-07,***-**-1600,AZ
156,Robert,Leblanc,1989-08-06,***-**-6589,MO
250,Samuel,Oneill,1969-12-28,***-**-1134,RI
1919,Jessica,Davis,1991-07-21,***-**-8089,WA
790,Robert,Hall,1976-06-20,***-**-1556,OR
350,Jimmy,Williams,1966-01-12,***-**-3576,ID
1961,Angelica,Stephenson,1989-06-26,***-**-2867,UT
476,Sabrina,Brooks,1963-05-04,***-**-6105,WA
1593,Andrew,Scott,1992-04-18,***-**-5721,ME
1291,John,Johnson,1970-09-02,***-**-4967,MI
149,Brandon,Lewis,1965-07-17,***-**-7154,GA
1001,Brandon,Williams,1967-06-04,***-**-1612,SC
1773,Brad,Mullins,1967-01-25,***-**-0326,WV
2012,Philip,Murphy,1966-05-23,***-**-1846,WV
832,Justin,Webster,1957-08-29,***-**-6035,KY
1923,Tiffany,Brown,1980-04-04,***-**-5633,PA
278,Jeff,Hall,1970-03-10,***-**-4574,NJ
1408,Jason,Hernandez,1957-06-19,***-**-6120,MS
8,Patrick,Flores,1981-12-05,***-**-5389,TX
2083,Samantha,Arnold,1987-11-29,***-**-6311,DE
879,Jamie,Garcia,1982-05-22,***-**-4211,VT
304,Samantha,Barnes,1967-12-26,***-**-5686,CT
667,Jason,Kelly,1969-08-30,***-**-6812,NC
1314,Kimberly,Brown,1966-05-09,***-**-7723,NM
2064,Kristen,Lopez,1973-01-26,***-**-0026,KS
712,Megan,Christian,1977-03-09,***-**-1901,RI
854,Brianna,Cole,1969-01-19,***-**-1009,WY
297,Michael,Lee,1985-12-25,***-**-8986,IA
741,Jason,Flores,1982-08-06,***-**-7461,ND
1929,Matthew,Conway,1974-01-14,***-**-8056,IL
256,Katie,Chavez,1994-07-22,***-**-4583,OH
887,Michael,Johnson,1981-03-01,***-**-8551,AR
771,Kimberly,Morrison,1966-10-29,***-**-2813,NC
1349,Michelle,Lopez,1966-07-24,***-**-5544,OH
989,Willie,Washington,1968-01-06,***-**-5431,OH
1911,Timothy,Palmer,1990-12-18,***-**-9679,TX
531,Melvin,Coleman,1989-02-23,***-**-1451,NY
755,Jessica,Mcguire,1978-04-11,***-**-4362,AR
1680,Rachael,Dunlap,1981-10-10,***-**-1019,VA
780,James,Oconnor,1981-08-30,***-**-3755,ID
1592,Ronald,Koch,1994-01-31,***-**-2722,RI
1809,Edward,Johnson,1989-11-15,***-**-2991,AR
538,Julie,King,1986-02-26,***-**-6609,NH
421,Katherine,Vargas,1969-10-05,***-**-7601,AZ
1178,Linda,Finley,1965-01-15,***-**-5300,SC
1401,Peter,Gardner,1959-10-11,***-**-8035,DE
1307,Aaron,Anderson,1976-11-26,***-**-6955,MO
1585,Laura,Nichols,1989-04-13,***-**-0883,OK
565,Dale,Watkins,1994-10-26,***-**-9944,AR
1043,Kenneth,Smith,1958-07-06,***-**-4322,GA
209,Kristen,Thompson,1961-05-15,***-**-7294,KY
1421,Brittany,Short,1975-06-01,***-**-4026,MA
742,Diane,Henson,1987-10-24,***-**-8999,DE
569,Dominic,Alvarado,1989-02-26,***-**-8246,NM
549,Carol,Harris,1958-02-03,***-**-1996,PA
646,Carolyn,Rodriguez,1979-09-30,***-**-6457,ME
841,Virginia,Collins,1981-07-14,***-**-9157,NC
1288,James,Green,1983-12-14,***-**-0300,MS
560,James,Hall,1961-08-20,***-**-5656,ND
1754,Alexa,Hoffman,1976-02-15,***-**-6980,DE
1608,Brittany,Jenkins,1985-07-10,***-**-3941,DE
1820,Anthony,Hatfield,1991-04-30,***-**-1190,CA
814,Danielle,Moore,1961-04-20,***-**-2190,IN
793,Stephanie,Hooper,1961-12-13,***-**-5031,OH
803,Dawn,Schmidt,1985-04-28,***-**-1921,IL
602,Teresa,Johnson,1971-08-07,***-**-3185,PA
1382,David,Costa,1976-10-01,***-**-1318,DE
998,Thomas,Ryan,1993-02-24,***-**-5795,GA
303,Kaylee,Morris,1958-10-30,***-**-6276,NH
469,Brandon,Ramsey,1983-05-24,***-**-9477,OK
371,Brandi,Smith,1959-12-07,***-**-0849,MT
1546,Michael,Kramer,1965-01-07,***-**-4739,TX
1340,Jennifer,Collins,1994-08-28,***-**-9156,NV
68,Kathleen,Cordova,1962-12-15,***-**-2943,OR
1749,Cheryl,Adams,1958-06-11,***-**-5218,OR
505,Jeff,Myers,1981-09-11,***-**-0450,CT
127,Edwin,Barnes,1963-03-10,***-**-4450,OK
1942,Adam,Vaughan,1974-02-16,***-**-7162,PA
132,Brittany,Johnson,1965-01-14,***-**-1617,WY
942,Jennifer,King,1971-05-04,***-**-3483,WV
77,Thomas,Collins,1975-12-23,***-**-8157,NJ
390,Victoria,Lee,1966-04-30,***-**-5617,CT
1306,Elizabeth,Hubbard,1959-06-12,***-**-2613,IL
981,Sarah,Zamora,1992-11-13,***-**-2194,LA
671,Melissa,Stewart,1970-07-09,***-**-2528,IA
54,Alexis,Mccoy,1969-03-10,***-**-5527,NH
211,Steven,Phillips,1970-08-04,***-**-2964,MT
1992,Alyssa,Evans,1994-03-05,***-**-6349,WY
1610,Charlotte,Nelson,1973-12-06,***-**-9600,VA
411,Peter,Harding,1973-06-13,***-**-7320,WI
45,Scott,Hendricks,1974-11-16,***-**-1123,NM
816,Tara,Martinez,1990-08-09,***-**-1744,VA
3,Christopher,Shaw,1989-02-25,***-**-2623,UT
1062,Priscilla,Franklin,1975-09-14,***-**-0352,AK
680,Pamela,Rogers,1964-12-31,***-**-3578,NC
1146,Steven,Walters,1991-09-02,***-**-6866,KY
1697,Emily,Thompson,1990-02-18,***-**-2519,AZ
964,Jason,Peterson,1989-08-20,***-**-6448,MI
1613,Bethany,Casey,1969-08-06,***-**-1342,MS
528,John,Ford,1986-11-05,***-**-5334,OH
170,Robert,Levy,1976-06-10,***-**-7263,NC
1411,Edward,Peters,1976-06-02,***-**-0801,WA
1679,William,Bush,1976-06-21,***-**-0131,CT
1127,Duane,Williams,1961-01-27,***-**-9445,OK
9,William,Edwards,1992-06-21,***-**-9569,TN
2073,Roger,Wall,1969-04-17,***-**-4292,AL
516,Nancy,Moore,1973-03-09,***-**-7870,DE
1179,Deborah,Morales,1963-05-24,***-**-7227,CT
1106,Cody,Leon,1992-04-26,***-**-9067,MA
1756,Mandy,Greer,1987-11-15,***-**-9670,NY
824,Brenda,Kent,1961-08-09,***-**-9315,NY
402,Jonathan,Ramirez,1981-12-16,***-**-8612,NM
1893,Steven,Thompson,1973-01-19,***-**-5311,MO
553,Michael,Monroe,1983-04-18,***-**-0960,OR
1980,Samuel,Santos,1990-03-14,***-**-2063,OK
2046,Lori,Martinez,1959-11-16,***-**-8278,NE
293,Paul,Green,1975-10-06,***-**-3279,AR
1857,Jessica,Harris,1994-01-25,***-**-7804,VA
1717,Jacob,Archer,1961-03-13,***-**-3018,MO
1096,Amanda,Fisher,1967-03-15,***-**-9755,AR
745,Cynthia,Bonilla,1979-03-23,***-**-7002,TN
109,Clarence,Daniels,1992-08-06,***-**-9651,OR
2112,David,Wood,1979-03-22,***-**-9249,NC
1189,Matthew,Moore,1991-04-13,***-**-4233,WY
1058,Alexandra,Paul,1991-09-30,***-**-8532,TX
581,Kim,Wells,1981-01-13,***-**-5644,NM
1528,Thomas,Cortez,1959-08-08,***-**-9213,LA
1216,Nicole,Rodriguez,1972-11-28,***-**-4951,OK
405,Katherine,Hernandez,1988-02-08,***-**-0837,FL
550,Allen,Perez,1971-08-24,***-**-9596,AZ
686,Jacob,Martinez,1965-04-16,***-**-0313,KS
498,Jacqueline,Cooper,1963-03-08,***-**-9512,DE
905,Stephanie,Davis,1968-10-17,***-**-9170,MT
1033,Cathy,Mcgee,1959-02-03,***-**-8652,VT
619,Margaret,Smith,1968-05-05,***-**-7479,SD
2113,Gina,Bauer,1963-08-13,***-**-1576,HI
2111,James,Lucero,1961-02-19,***-**-9626,AK
1159,Daniel,Morrison,1976-02-11,***-**-5212,MA
536,Vanessa,Rodriguez,1958-10-21,***-**-6073,NH
1535,Lauren,Perez,1981-07-03,***-**-9578,ME
220,Alicia,Andrade,1977-02-04,***-**-0807,CT
1168,Carlos,Gibson,1962-09-16,***-**-6761,WI
1415,Kathryn,Sanchez,1972-03-03,***-**-9884,NV
580,Thomas,Stout,1990-08-27,***-**-5841,MS
1784,Nicholas,Rice,1980-04-21,***-**-5065,HI
1144,Jamie,Shields,1983-12-19,***-**-8231,OH
1357,Holly,Jones,1958-07-06,***-**-4145,GA
48,Aaron,Jones,1987-09-29,***-**-6140,ID
32,Heidi,Fowler,1964-02-19,***-**-4145,RI
765,Katherine,Benson,1969-12-10,***-**-8721,SC
1442,Linda,Robbins,1985-04-21,***-**-7171,KY
265,Joseph,Martin,1987-07-24,***-**-3577,MN
1823,Anthony,Burns,1969-02-15,***-**-2863,VT
1393,Richard,Hahn,1961-03-06,***-**-5875,TN
87,Jennifer,Romero,1961-08-14,***-**-4582,AL
768,John,Munoz,1991-04-16,***-**-5426,CA
2001,Katherine,Maynard,1975-01-14,***-**-4906,NJ
902,Willie,Raymond,1961-05-19,***-**-4564,MT
1840,Eric,Aguilar,1960-06-19,***-**-8610,WI
1074,Tasha,Marquez,1957-06-19,***-**-7993,KY
999,Howard,Byrd,1986-04-10,***-**-5376,MI
1379,David,Cummings,1983-02-13,***-**-7451,OR
1376,Jeanette,Kirk,1981-12-28,***-**-2769,WV
532,Melissa,Herman,1988-04-11,***-**-7654,WI
40,Mark,Norris,1976-04-11,***-**-4486,MT
1323,Maria,Patterson,1960-02-09,***-**-5543,TX
1551,Steven,Smith,1983-03-12,***-**-6077,NH
21,Rose,May,1982-08-29,***-**-7332,WY
1600,Christopher,Santiago,1967-04-22,***-**-0657,UT
931,Shannon,Martinez,1992-01-11,***-**-2174,AL
1623,Austin,Smith,1964-02-16,***-**-4922,WI
1276,Brian,Myers,1961-04-19,***-**-8072,FL
81,Michael,Davis,1987-01-20,***-**-5600,NJ
842,Nicole,Dudley,1967-07-08,***-**-2651,AZ
456,Ashley,Hill,1964-01-03,***-**-0671,SC
723,Adam,Martinez,1991-11-01,***-**-2549,NY
777,Isabella,Carr,1968-10-09,***-**-2902,IN
191,Daniel,Morales,1963-03-21,***-**-5432,HI
1295,Andrew,Williams,1986-11-30,***-**-6925,ID
955,Cody,King,1962-07-27,***-**-8237,CO
1913,Angela,Gonzales,1966-08-27,***-**-8623,MS
1397,Adam,Arnold,1978-11-18,***-**-3401,WI
1556,John,Bender,1970-10-07,***-**-0475,AR
608,Megan,Jenkins,1982-11-25,***-**-3819,NV
1644,Darren,Frederick,1981-01-24,***-**-8624,CT
485,Karen,Pena,1970-08-05,***-**-1440,DE
1924,Marcus,Barnes,1989-10-11,***-**-0858,HI
153,Steven,Williams,1964-09-09,***-**-2930,GA
2096,Anna,Anderson,1969-05-18,***-**-3943,WA
1538,Patricia,Lucas,1959-03-21,***-**-9386,OK
441,John,Johnson,1988-12-27,***-**-6649,MN
1883,Sara,Lam,1970-10-11,***-**-9907,IN
1366,Anne,Moore,1959-08-13,***-**-6421,MN
1051,Christopher,Shepherd,1974-02-09,***-**-5640,RI
794,David,Brock,1958-12-08,***-**-8176,IA
1373,Tina,Morgan,1986-08-17,***-**-6007,KS
872,Lisa,Terry,1977-10-07,***-**-5940,SD
1817,Virginia,Simmons,1982-07-26,***-**-2224,FL
851,Laura,Brooks,1962-12-16,***-**-4803,MT
556,Brian,Miller,1978-08-04,***-**-1134,WV
1952,Elizabeth,Adams,1983-07-28,***-**-8567,WV
1395,Terri,Bird,1988-06-17,***-**-3331,VT
1463,Justin,Sanders,1992-08-10,***-**-6990,MN
1994,Tiffany,George,1967-02-06,***-**-9311,OR
138,Travis,Welch,1983-04-18,***-**-6679,MA
1092,Jason,Calderon,1988-08-21,***-**-1362,SC
234,Jerry,Osborne,1965-06-12,***-**-7056,NY
677,Kelsey,Gonzalez,1973-05-09,***-**-9942,TN
1748,Tonya,Wood,1986-04-29,***-**-7162,MS
1888,Michelle,Richards,1960-03-09,***-**-7073,NC
1484,Sarah,Craig,1977-07-20,***-**-1964,AK
342,Kyle,Johnson,1966-01-02,***-**-6532,HI
431,Paul,Wilson,1969-10-17,***-**-6326,AK
874,Alyssa,Rodriguez,1958-10-30,***-**-9354,MO
1007,Michelle,Woodard,1984-03-25,***-**-6544,KS
102,Thomas,Lindsey,1992-10-16,***-**-9938,CA
1399,Kevin,Stewart,1971-11-17,***-**-5371,MS
1761,Ronald,Martinez,1978-05-11,***-**-0592,WA
19,Aaron,Hanna,1988-02-06,***-**-8006,VA
1025,Elizabeth,Cohen,1987-11-11,***-**-2825,ID
924,Jonathan,Henderson,1970-02-23,***-**-6202,LA
1054,Heather,Hernandez,1988-05-18,***-**-2975,MN
1799,Laura,Young,1991-12-04,***-**-6643,MI
1521,Heidi,Moran,1961-01-23,***-**-2555,OK
1348,Sean,Johnson,1989-10-14,***-**-3225,NJ
1897,Barbara,Smith,1974-02-06,***-**-5229,NY
484,Jason,Freeman,1960-06-05,***-**-3738,ME
994,Jackie,Cummings,1962-08-19,***-**-9255,ME
217,David,Shelton,1994-07-08,***-**-9705,MS
983,Jeanette,Everett,1984-03-14,***-**-8061,NJ
1474,Michael,Martin,1990-01-12,***-**-0362,ND
1453,Shelby,Garcia,1992-06-21,***-**-9256,SC
298,Brian,Dudley,1967-03-23,***-**-2714,NJ
1028,Andrea,Ramos,1994-08-22,***-**-4870,AL
773,Alexandra,Gray,1972-07-14,***-**-2578,AL
482,Adam,Contreras,1992-02-29,***-**-0224,WI
189,Taylor,Adams,1959-03-07,***-**-8505,TN
283,Mitchell,Thomas,1988-12-20,***-**-0577,SD
1965,Courtney,Reid,1961-07-02,***-**-9747,MI
1330,Kayla,Mcguire,1968-10-23,***-**-3190,IN
1197,Chad,Rodriguez,1960-06-25,***-**-0966,KY
977,Kevin,Garcia,1963-05-17,***-**-4908,FL
418,Daniel,Walker,1985-10-31,***-**-8850,NJ
847,Colton,Ross,1994-08-11,***-**-3123,IN
1369,Erica,Smith,1973-10-02,***-**-5830,SC
1794,Nicholas,Henry,1980-09-19,***-**-9335,IN
1289,Ruth,Reeves,1965-12-11,***-**-9922,MD
859,Gina,Rodriguez,1981-06-07,***-**-6047,TX
237,John,Macdonald,1967-01-28,***-**-8496,HI
1263,Michelle,Moreno,1975-09-13,***-**-3075,PA
1860,Michael,Farrell,1972-01-11,***-**-9728,ND
1713,Lynn,Fox,1972-07-05,***-**-9052,VT
1782,James,Williams,1992-09-18,***-**-9225,HI
2060,Robert,Williams,1966-07-28,***-**-5396,IL
2078,Matthew,Solis,1990-12-21,***-**-6541,ID
145,Anita,Hill,1961-07-28,***-**-9891,CA
1827,Mary,Davis,1984-04-19,***-**-8228,TN
699,Kyle,Wood,1966-02-02,***-**-0765,FL
316,Natalie,Carlson,1979-06-24,***-**-7026,MD
693,Scott,Smith,1975-11-25,***-**-4104,TX
31,Jessica,Jones,1986-06-16,***-**-3598,OH
1299,Loretta,Vasquez,1966-10-25,***-**-0870,SD
339,Kathryn,Bonilla,1978-08-09,***-**-3708,RI
775,Luke,West,1967-08-14,***-**-6228,NC
650,Thomas,Byrd,1967-09-06,***-**-7030,VT
236,Edwin,Williams,1994-10-29,***-**-1359,NE
1915,Steven,Lewis,1980-12-24,***-**-1947,MA
582,Aaron,Bruce,1966-08-01,***-**-2115,WV
1912,Leonard,Brown,1969-04-06,***-**-6711,CT
1881,Deborah,Jackson,1979-12-10,***-**-2438,AL
1688,John,Marshall,1967-04-25,***-**-0554,CT
1211,Melissa,Mercado,1994-09-22,***-**-7490,TX
1134,Adam,Blackburn,1969-12-08,***-**-7922,MO
1719,Daniel,Gibson,1957-09-02,***-**-1030,CT
943,Jessica,Davis,1972-07-23,***-**-3297,SC
1459,Johnny,Downs,1984-08-01,***-**-6934,CO
13,Anthony,Simpson,1981-10-15,***-**-5784,NM
1067,Patricia,Beard,1983-10-16,***-**-7152,PA
1192,Justin,Henry,1992-07-30,***-**-2649,GA
10,Dwayne,Mckee,1973-10-16,***-**-2174,ME
601,Mark,Mendez,1991-05-11,***-**-3104,AZ
2080,Ryan,Martin,1983-01-02,***-**-5485,CT
1550,Stacey,Joyce,1957-12-06,***-**-3672,IN
409,Sarah,King,1980-02-03,***-**-1925,TN
669,Kathy,Simpson,1974-04-23,***-**-0462,AL
204,Jill,Perry,1983-12-30,***-**-3501,IL
1780,Cory,Williams,1988-08-15,***-**-0423,IL
16,Tiffany,Thomas,1971-10-10,***-**-8636,KY
554,Tracy,Goodwin,1979-03-02,***-**-2848,SC
438,Nathaniel,Swanson,1957-12-28,***-**-0880,NM
518,Daniel,Moore,1959-05-10,***-**-5676,RI
2084,Shannon,Anderson,1958-06-29,***-**-5070,TX
1723,Shaun,Rodriguez,1983-10-07,***-**-8987,IN
1212,Cassandra,Blanchard,1977-03-03,***-**-6073,ID
58,Michael,Andersen,1961-09-02,***-**-0392,ND
542,Cindy,Cruz,1976-10-08,***-**-5675,MN
574,Richard,Jones,1986-05-01,***-**-2767,OK
880,Judy,Williamson,1958-11-30,***-**-4904,PA
1601,Pamela,Arnold,1994-08-04,***-**-0539,NY
1873,Julia,Stuart,1987-05-20,***-**-0136,DE
180,Jessica,Johnson,1959-12-23,***-**-6174,CO
242,Samantha,Gilbert,1961-03-18,***-**-2427,UT
1215,Heather,Barton,1973-04-02,***-**-0109,NH
394,Lauren,Guzman,1990-02-22,***-**-5246,MD
1173,Tabitha,Salazar,1990-04-15,***-**-4140,IN
1681,Jason,Page,1963-09-17,***-**-4503,NH
1956,Justin,Simpson,1964-10-16,***-**-8212,CO
508,Richard,Brennan,1987-11-23,***-**-3215,AZ
1844,Aaron,Mathis,1957-02-04,***-**-1972,KY
1914,Kayla,Green,1972-11-13,***-**-3449,SC
1109,Sherry,Medina,1991-02-10,***-**-1685,AK
1656,Lee,Smith,1984-03-11,***-**-5651,OK
263,Michael,Rowe,1967-11-15,***-**-3860,VT
1069,Keith,Thompson,1982-10-26,***-**-2301,MA
1991,Justin,Austin,1989-02-16,***-**-2653,KY
1805,John,Rose,1990-08-25,***-**-5475,CO
2,Jason,Bailey,1989-02-10,***-**-0094,HI
468,Christie,Parker,1986-06-10,***-**-2928,MA
465,David,Bell,1977-10-23,***-**-4436,MA
1185,Shane,Brown,1958-03-26,***-**-4680,NH
630,Nicholas,Patrick,1991-11-19,***-**-8810,CT
811,Ashley,Heath,1984-03-25,***-**-7731,WV
1400,Kathryn,Conrad,1991-07-02,***-**-2367,AK
112,Pamela,Ramirez,1984-06-30,***-**-5534,PA
116,Kristin,Gonzalez,1961-08-04,***-**-5453,MI
1005,Paul,Smith,1964-12-13,***-**-3289,AZ
400,Emily,Walters,1984-03-14,***-**-8813,RI
767,Olivia,Jimenez,1977-08-07,***-**-6400,ID
1158,Michelle,Richards,1987-09-25,***-**-0333,NV
2021,Robert,Stein,1963-08-20,***-**-5658,TN
1142,Tanya,Ellis,1979-03-03,***-**-3149,DE
1736,Amanda,Cervantes,1978-09-02,***-**-6911,KY
837,John,Pham,1991-11-09,***-**-7062,NH
197,Raymond,Hunter,1981-01-19,***-**-5472,MD
1999,Wendy,Garrett,1982-06-23,***-**-8044,SD
1326,Joseph,Brown,1971-09-06,***-**-9641,NY
1803,Shawn,Johnson,1969-02-17,***-**-5012,WA
399,Linda,Warner,1959-09-26,***-**-0217,NM
228,Elijah,Padilla,1982-04-21,***-**-1696,AK
382,Jason,Torres,1958-06-05,***-**-8830,AL
41,Christopher,Flores,1959-12-28,***-**-0940,SD
1012,Anthony,Ware,1980-02-07,***-**-4265,WI
1298,Paul,Hebert,1984-11-11,***-**-0581,MS
1832,John,Ballard,1990-01-11,***-**-7793,PA
493,Jeffrey,Fisher,1965-04-04,***-**-8585,AZ
629,David,Vega,1989-10-03,***-**-9790,MD
1579,Karen,Horn,1984-03-27,***-**-2821,WI
1222,Jermaine,King,1993-08-21,***-**-9068,RI
1769,Charles,Weaver,1962-08-11,***-**-0697,DE
1086,Anthony,Bean,1966-11-18,***-**-6681,AR
642,Sara,Schultz,1987-08-26,***-**-8390,CO
1050,Dustin,Kline,1971-06-06,***-**-8783,GA
901,Kevin,Green,1959-03-15,***-**-3626,RI
118,Alyssa,Hickman,1974-04-19,***-**-9953,IL
1504,Shannon,Walker,1978-01-15,***-**-4315,NM
1180,Krista,Jackson,1977-04-07,***-**-1259,LA
933,Lawrence,Sutton,1959-10-11,***-**-1525,WV
249,Brady,Vaughn,1983-10-29,***-**-7261,VA
1941,Joseph,Rollins,1988-05-17,***-**-5638,IL
1413,Joseph,Lopez,1980-11-06,***-**-9529,NE
2110,Jennifer,Castro,1976-05-16,***-**-9645,HI
1499,David,Mcgee,1958-02-07,***-**-9525,ND
457,Kevin,Reed,1960-04-22,***-**-8987,AR
497,Jennifer,Holloway,1991-01-30,***-**-1289,NJ
2006,Troy,Turner,1959-11-05,***-**-1685,AZ
276,Sherry,Trevino,1964-10-24,***-**-3646,AK
435,Bailey,Patel,1985-03-24,***-**-9372,IL
1257,Michael,Rivers,1971-10-05,***-**-3089,WA
956,Trevor,Ochoa,1988-08-26,***-**-8514,PA
673,Danielle,Robinson,1960-05-31,***-**-8917,SD
1237,Jacob,Jones,1981-04-02,***-**-4935,TX
877,Dorothy,Molina,1965-01-13,***-**-7633,SC
1223,Sarah,Calhoun,1972-12-10,***-**-5594,VA
1446,Brenda,Zimmerman,1980-05-16,***-**-9615,KS
1510,Nina,Banks,1985-05-09,***-**-9945,WI
1583,Rebecca,Fox,1988-09-27,***-**-3940,MT
1292,Maria,Mckenzie,1974-07-28,***-**-8479,NJ
1978,Willie,Hines,1993-05-01,***-**-2557,NV
29,Zachary,Tyler,1966-08-24,***-**-6670,UT
240,Emily,Cochran,1970-12-28,***-**-5494,SD
2109,Kayla,Galloway,1961-12-04,***-**-9611,AZ
1839,Mary,Walsh,1989-07-09,***-**-4428,ND
806,James,Kirk,1976-03-18,***-**-2003,UT
1386,Kelly,Casey,1991-01-22,***-**-0409,OK
1078,Travis,Lee,1958-01-16,***-**-2949,WA
1042,Jessica,Williams,1981-11-24,***-**-4639,KY
1120,Donald,Lawson,1994-10-20,***-**-5876,SD
1027,Jodi,Newton,1983-12-28,***-**-4224,ID
1225,Taylor,Hernandez,1976-03-20,***-**-4749,NE
1087,Christine,Hopkins,1968-10-13,***-**-5682,MO
570,Barbara,Jefferson,1989-04-02,***-**-4441,NJ
1360,Kelly,Strickland,1976-06-30,***-**-7387,MO
716,John,Stevens,1975-08-31,***-**-2721,ND
2115,Megan,Melendez,1988-11-03,***-**-3429,MD
1532,Troy,Ballard,1992-04-25,***-**-8211,MA
36,John,Young,1962-10-08,***-**-8187,ME
1721,Joseph,Henderson,1978-06-15,***-**-1968,WA
1218,Frank,Williams,1980-12-03,***-**-8177,NH
626,Wesley,Davis,1985-09-28,***-**-9388,IN
432,Jared,Harper,1991-10-07,***-**-7767,SD
1076,Joshua,Miller,1973-10-01,***-**-3684,MA
1543,Caleb,Rubio,1966-01-06,***-**-9678,TX
1055,Yvette,Wyatt,1981-02-11,***-**-7673,IL
663,Veronica,Rodriguez,1994-02-27,***-**-0138,ME
884,Chase,Peters,1989-06-27,***-**-0588,MI
1904,Thomas,Curry,1960-01-30,***-**-9978,MA
636,David,Garrett,1957-01-07,***-**-0743,TX
1729,Brent,Jones,1968-05-12,***-**-4006,WY
1870,Mary,Jones,1960-07-05,***-**-1233,OR
2005,Kurt,Calderon,1971-11-22,***-**-3640,NM
1160,Jennifer,Stevens,1984-06-27,***-**-6438,IA
1609,Michael,Miller,1959-05-21,***-**-9413,MD
672,Rachael,Murphy,1959-05-04,***-**-4348,CA
1779,James,Griffith,1970-11-12,***-**-7967,VT
1854,Pamela,Ray,1977-04-11,***-**-6548,HI
108,Shawn,Mitchell,1993-07-27,***-**-5330,MD
653,Diane,Wiley,1977-11-09,***-**-7369,HI
1024,Matthew,Berry,1959-12-16,***-**-2038,HI
1852,Tracy,Davis,1988-09-13,***-**-1962,CA
178,Derek,Hale,1977-11-11,***-**-7878,AR
1624,Diane,Shea,1957-03-10,***-**-8090,MS
918,Joseph,Gutierrez,1990-02-16,***-**-5291,RI
1008,Andrea,Byrd,1967-08-12,***-**-3106,IN
1312,Kathryn,Malone,1970-05-24,***-**-1227,MT
501,Matthew,Wilson,1967-02-24,***-**-5058,OH
157,Vincent,Sloan,1959-10-19,***-**-5501,NC
1927,Ashley,Chandler,1980-03-21,***-**-1307,AZ
71,Willie,Jones,1983-01-08,***-**-5452,IN
96,Brett,Thomas,1992-09-01,***-**-6916,TX
1093,Cristian,French,1965-12-01,***-**-5433,NV
1602,Brenda,Davis,1993-10-17,***-**-8713,NE
813,Jennifer,Gray,1973-12-28,***-**-9634,AL
136,Eric,Bradley,1988-03-02,***-**-4231,SC
70,Thomas,Howell,1977-05-19,***-**-8695,HI
978,Mary,Simpson,1980-02-27,***-**-2691,KS
1372,Kelli,Owens,1972-08-28,***-**-8002,NY
1117,Charles,Savage,1977-11-09,***-**-9402,CA
1085,Christopher,Espinoza,1958-03-21,***-**-4243,WI
559,Clayton,Henderson,1975-06-30,***-**-9396,WY
2077,Rachel,Sandoval,1975-11-30,***-**-5233,NC
347,Stephanie,Carpenter,1959-11-01,***-**-7041,MO
2101,Natalie,Turner,1991-06-19,***-**-3128,CO
230,Julie,Higgins,1974-11-24,***-**-8175,MS
1711,Logan,Briggs,1964-08-18,***-**-7519,KY
1851,Jose,Manning,1987-08-12,***-**-0989,GA
173,Tamara,Morris,1961-10-13,***-**-3486,WI
1140,Brian,Martinez,1972-09-10,***-**-4875,NH
282,David,Contreras,1994-08-27,***-**-7970,TX
2016,Joshua,Graves,1969-01-29,***-**-5080,CA
281,Jennifer,Gilbert,1985-08-25,***-**-9467,HI
1177,Kevin,Brock,1974-08-31,***-**-6074,KS
727,Roger,Coleman,1957-09-14,***-**-6111,NY
577,Grant,Patterson,1986-12-24,***-**-6784,RI
753,Kevin,Robinson,1991-12-05,***-**-4224,MD
1561,James,Stokes,1971-04-16,***-**-0232,CA
587,David,Johnson,1990-01-08,***-**-3708,MI
830,John,Rivera,1964-01-03,***-**-3546,LA
1890,Charles,Bryan,1985-12-04,***-**-2171,MD
47,Alexander,Romero,1975-07-12,***-**-1442,VT
139,Matthew,Knight,1984-05-07,***-**-8438,TX
270,James,Harris,1973-12-20,***-**-8140,MT
1487,Richard,Hunt,1983-08-30,***-**-4959,MD
706,Kaitlyn,Reese,1983-05-21,***-**-5521,FL
576,Marissa,Kelly,1974-10-26,***-**-7575,ND
1699,Heidi,Shaw,1987-11-13,***-**-6968,KY
1921,Alyssa,Armstrong,1992-03-05,***-**-0479,AL
1432,Erica,Cole,1971-12-01,***-**-7616,RI
1938,David,Johnston,1965-07-31,***-**-0677,UT
962,Katrina,Wiggins,1975-09-14,***-**-1378,RI
1541,Benjamin,Long,1976-12-09,***-**-7867,RI
2120,Pam,Sanchez,1975-11-21,***-**-8018,MN
1640,Lori,Adams,1991-08-06,***-**-3803,ID
233,Julie,Nelson,1972-08-22,***-**-5917,GA
1039,Joseph,Steele,1990-04-28,***-**-9841,WA
1868,Craig,Wiggins,1962-05-28,***-**-7616,TX
2123,Jill,Fox,1965-02-21,***-**-3332,PA
243,Gerald,Wallace,1988-10-17,***-**-0638,NE
1722,Michael,Vasquez,1994-11-05,***-**-2681,TX
1547,Keith,Thomas,1972-06-18,***-**-3051,PA
201,Gregory,Williams,1957-06-09,***-**-2236,NH
822,John,Daniels,1982-06-07,***-**-2845,VT
1948,Susan,Garrison,1967-06-17,***-**-8796,NY
1230,Brenda,Gay,1978-01-02,***-**-7151,CT
1161,Wyatt,Moreno,1984-03-22,***-**-4187,MI
1518,Susan,Turner,1966-04-26,***-**-2571,UT
258,Denise,Martin,1982-05-11,***-**-2489,IN
2011,Erica,Ryan,1982-08-13,***-**-8369,MD
1758,Monica,Hawkins,1958-02-26,***-**-2444,WV
944,Brenda,Freeman,1994-01-11,***-**-2578,AZ
333,James,Walker,1990-01-16,***-**-1799,VA
1781,Mark,Gordon,1987-09-20,***-**-5608,NY
871,Joseph,Cummings,1971-08-11,***-**-3554,NH
798,Andrea,Fitzgerald,1990-12-04,***-**-5882,MA
1828,Vanessa,Petersen,1966-05-17,***-**-8659,PA
1804,Jessica,Moore,1958-03-27,***-**-0396,IA
1403,Ryan,Moreno,1974-07-25,***-**-2902,GA
1520,Tony,Banks,1991-09-15,***-**-7821,MN
1635,Christina,Marshall,1966-04-07,***-**-6940,IA
1666,Andrew,Sutton,1983-01-18,***-**-2345,HI
652,Tom,Mayer,1986-02-09,***-**-3480,VT
2038,Cassandra,Gordon,1984-02-21,***-**-2243,NY
788,Cameron,Silva,1980-06-11,***-**-7963,MA
734,Cheryl,Flores,1986-08-13,***-**-5566,DE
2067,Jennifer,Newman,1964-04-05,***-**-3067,NE
1137,Peter,Miller,1968-06-27,***-**-5656,OK
1792,Ashley,Smith,1990-03-17,***-**-1428,NE
488,Brianna,Brown,1988-06-28,***-**-3009,AL
2114,Peter,Hansen,1980-07-27,***-**-4935,RI
2026,Jimmy,Hunter,1988-12-11,***-**-2553,ID
759,Angela,Randall,1982-12-03,***-**-3666,NY
175,Brandon,Gomez,1980-04-30,***-**-9117,CO
385,Shawn,Smith,1976-06-11,***-**-3742,NH
1807,Marcus,Garza,1960-04-01,***-**-3499,TN
711,Amber,White,1967-03-27,***-**-8793,LA
1861,Ashley,Shepard,1972-07-24,***-**-2653,OH
1894,Maurice,Palmer,1980-09-11,***-**-6048,LA
833,Richard,Ward,1959-09-15,***-**-4384,MO
939,Robert,Bailey,1980-06-22,***-**-0849,CO
2029,Jose,Dodson,1969-01-12,***-**-2007,NC
194,Jeanette,Hart,1965-10-22,***-**-4052,NJ
1801,John,Shepard,1975-07-11,***-**-7873,NH
526,Jennifer,Stafford,1978-11-19,***-**-3340,WV
610,Jenny,Morgan,1992-10-02,***-**-3732,KS
94,Jill,Haynes,1979-03-15,***-**-9789,NY
1195,Matthew,Aguirre,1981-04-06,***-**-3346,NM
213,Joshua,King,1994-01-04,***-**-3279,VA
17,Vincent,Howard,1972-05-11,***-**-3520,MD
1755,Kimberly,Acevedo,1968-09-04,***-**-1279,MA
1505,Cameron,Griffith,1986-01-09,***-**-0633,MA
1899,Angela,Love,1974-03-12,***-**-7067,KS
1692,Larry,Roach,1971-07-13,***-**-2498,VA
1248,Kimberly,Fleming,1985-04-09,***-**-6799,IA
1587,Vanessa,Wells,1993-09-14,***-**-3702,NV
1621,Brenda,Russell,1983-10-24,***-**-1775,MD
30,Julia,Reynolds,1969-07-10,***-**-5553,ID
239,Scott,Kane,1969-08-16,***-**-9499,WV
1557,Jenny,Thompson,1988-12-29,***-**-5801,SD
1829,Robert,Castro,1977-04-20,***-**-6975,MI
1290,James,Miller,1966-08-12,***-**-2119,ME
1464,Audrey,Murphy,1962-07-12,***-**-8969,ID
751,Dana,Cox,1980-01-12,***-**-4163,UT
986,Kiara,Riley,1988-06-12,***-**-6560,KS
1673,Isabella,Marshall,1957-01-11,***-**-9744,WA
1313,Amanda,Wright,1973-12-05,***-**-7528,TX
1508,Nicholas,Weaver,1976-03-22,***-**-4980,AL
210,Erin,Snyder,1976-02-24,***-**-9700,NC
442,Donna,Bolton,1990-06-16,***-**-6047,AZ
1687,Brittany,Murphy,1985-01-05,***-**-0297,MT
262,Cynthia,Roberts,1969-03-08,***-**-9922,GA
406,Steven,Russell,1974-03-21,***-**-0698,IL
454,Bernard,Torres,1977-08-04,***-**-7636,NE
1730,Tiffany,Terrell,1967-07-08,***-**-7361,IL
1164,Donna,Mason,1971-03-20,***-**-3768,OK
634,Stephanie,Melton,1977-01-23,***-**-0043,NC
273,Sylvia,Jackson,1986-04-18,***-**-2148,IA
1364,Theresa,Williams,1965-01-10,***-**-4890,VA
59,Dana,Zimmerman,1973-03-31,***-**-8983,NJ
1113,Alex,Morris,1975-07-24,***-**-6079,VT
443,Marc,Mason,1983-10-16,***-**-0467,NH
638,Cameron,Guerra,1958-05-14,***-**-6206,NJ
275,Charles,Olsen,1956-11-16,***-**-6474,MT
1995,Joshua,Schneider,1967-08-27,***-**-4288,MO
774,Edwin,Baker,1969-04-14,***-**-1199,MN
676,Jasmine,Jordan,1992-08-20,***-**-9773,PA
100,Sean,Dunn,1970-02-20,***-**-8722,KS
827,Megan,Schwartz,1990-06-14,***-**-4732,FL
322,Derrick,Gallagher,1960-09-14,***-**-1589,VT
219,Lindsey,Jones,1991-10-18,***-**-3838,AZ
1618,Monique,Martinez,1963-08-14,***-**-9950,FL
1990,Steven,Soto,1975-09-23,***-**-7166,TX
1877,Wendy,Peck,1981-10-18,***-**-4054,PA
1690,Ryan,Bailey,1957-05-17,***-**-6255,IN
1853,Jessica,Smith,1957-05-07,***-**-2947,ME
1554,Ashley,Fox,1964-01-21,***-**-4516,ID
1866,Luis,Horn,1962-05-02,***-**-4696,MA
988,Brent,Schneider,1957-09-27,***-**-8569,ND
1385,Gail,Rodriguez,1991-10-01,***-**-8941,VA
857,Jason,Baker,1980-02-16,***-**-9908,TN
2037,Amanda,Gomez,1962-05-03,***-**-2194,AK
1201,Edward,Valdez,1972-08-05,***-**-5545,ND
690,Kelly,Brandt,1979-01-12,***-**-9046,ME
948,Christopher,Carrillo,1958-01-09,***-**-4103,MI
208,Elizabeth,Potter,1962-07-02,***-**-5640,MT
2024,Timothy,Howard,1989-10-08,***-**-1253,IA
683,Rebecca,Pollard,1984-04-29,***-**-1865,KY
1814,Stephen,Short,1970-08-15,***-**-1323,PA
478,Michael,Odom,1973-07-25,***-**-9368,MS
1419,Pamela,Lawrence,1978-02-01,***-**-2412,KY
203,David,Young,1982-11-09,***-**-7690,HI
1569,Michael,Bass,1975-10-03,***-**-9503,SD
1325,Brandon,Medina,1991-01-24,***-**-0987,MA
1615,Peter,Shepard,1983-12-01,***-**-3577,KY
291,Jessica,Moore,1959-09-14,***-**-3396,MD
695,Amy,Keith,1968-12-06,***-**-1932,GA
1070,Scott,Cook,1985-04-19,***-**-6522,RI
904,Samuel,Schmitt,1960-05-09,***-**-3184,MD
2099,Tina,Stewart,1963-09-18,***-**-3569,NH
393,Dorothy,White,1960-08-27,***-**-8706,PA
330,Ashley,Bowers,1974-07-08,***-**-0139,CA
1876,Jermaine,Watson,1965-03-09,***-**-6762,NJ
1604,Frank,Delgado,1965-09-26,***-**-1186,WY
1712,April,Bradley,1982-07-20,***-**-2371,TX
747,Jessica,Brandt,1983-01-09,***-**-3653,AR
796,John,Blankenship,1961-01-25,***-**-4697,MD
1303,Jason,Barber,1974-01-31,***-**-2267,RI
783,Kim,Delgado,1971-06-24,***-**-5421,DE
187,Veronica,Rangel,1958-06-20,***-**-5671,WI
656,Margaret,Hammond,1974-02-07,***-**-2207,OK
1864,Rebecca,Mcbride,1966-02-21,***-**-4226,SD
257,Tina,Anderson,1968-02-17,***-**-8693,NH
1946,Jessica,Rodriguez,1992-11-13,***-**-5170,NY
301,Jason,Jones,1970-03-31,***-**-3300,LA
1471,Mike,Rice,1984-02-25,***-**-7394,GA
1045,Michael,Williams,1989-07-22,***-**-2875,WI
2074,Sarah,Kane,1980-07-30,***-**-9475,GA
1735,Chad,Koch,1965-09-20,***-**-5358,KY
1987,Lisa,Oneal,1957-11-03,***-**-1248,PA
1460,Donna,Robinson,1985-02-24,***-**-9275,WI
495,Colton,Fisher,1957-07-29,***-**-7854,ID
2014,Cody,Hardy,1969-10-04,***-**-5576,TX
1862,Brooke,Mckee,1993-05-10,***-**-4110,TX
1741,Luke,Adams,1977-09-11,***-**-8540,SC
1296,Sara,Wilson,1957-04-29,***-**-2024,AR
900,Brandon,Thomas,1994-11-11,***-**-2838,RI
1813,Michael,Kim,1981-08-03,***-**-3695,NY
1154,Claire,Andrade,1994-06-28,***-**-6044,WI
1102,Diane,Jones,1983-03-29,***-**-8549,NE
2045,Stephanie,Robinson,1988-09-21,***-**-8989,NJ
1229,Eric,Guerrero,1959-02-06,***-**-6912,FL
337,Robert,Bennett,1976-12-07,***-**-2907,AZ
1278,Alexa,Thompson,1984-09-26,***-**-9583,IL
1239,Anita,Eaton,1966-07-06,***-**-5925,RI
2050,Richard,Smith,1993-01-29,***-**-8035,MN
643,Jeremy,Lopez,1993-08-16,***-**-1218,MO
1698,Grant,Sanchez,1992-01-27,***-**-8505,GA
1363,Robert,Weber,1960-01-05,***-**-8958,MO
1998,Amy,Sanchez,1974-12-05,***-**-3625,AL
1936,Tanner,Esparza,1973-02-23,***-**-3742,OK
909,Denise,Lane,1986-07-22,***-**-3327,ID
51,Dennis,Leblanc,1994-03-01,***-**-6198,IL
1701,Michelle,Wade,1985-12-27,***-**-9162,LA
1892,Valerie,Adkins,1959-11-01,***-**-5882,CO
945,Caleb,Hall,1982-07-04,***-**-3125,IN
1826,Evan,Parker,1991-11-18,***-**-7213,PA
159,Amy,Delgado,1984-01-11,***-**-9583,MT
480,Logan,Moss,1990-07-28,***-**-9460,WV
1676,Danielle,Davis,1974-03-23,***-**-4665,HI
268,Brian,Martin,1986-03-25,***-**-0991,HI
551,Travis,Keith,1963-07-28,***-**-4320,NM
782,Abigail,Jacobs,1974-03-08,***-**-1596,NV
1244,Gabrielle,Wise,1960-08-11,***-**-4965,MA
1971,Paul,Suarez,1962-10-07,***-**-6300,RI
1430,Michael,Ochoa,1986-08-09,***-**-9602,TX
295,Daniel,Pacheco,1975-01-09,***-**-9820,MN
631,Austin,Jackson,1970-04-06,***-**-8701,MO
1806,Patricia,Patterson,1965-06-27,***-**-8753,IA
1629,Diane,Green,1969-10-24,***-**-3033,WY
410,Louis,Flynn,1988-11-09,***-**-3481,CA
1916,Nancy,Schmidt,1969-03-01,***-**-9447,SC
808,Jaclyn,Cunningham,1963-11-02,***-**-8956,SD
143,Elizabeth,Davis,1964-10-12,***-**-4168,NV
675,Jacqueline,Donaldson,1966-09-07,***-**-5320,KY
1462,Gabriel,Mitchell,1959-02-08,***-**-8486,NY
2048,Sara,Barajas,1990-10-04,***-**-8344,VT
674,Ann,Williams,1983-03-06,***-**-5252,CA
1150,Justin,Baker,1982-07-02,***-**-2028,MI
941,Kimberly,Lee,1961-09-19,***-**-2156,MA
707,Karen,Roberts,1975-01-21,***-**-9717,IL
1977,Miguel,Gonzales,1965-10-26,***-**-2152,WV
1417,Alexandra,Barrett,1967-07-20,***-**-9720,CT
620,Jeffrey,Garcia,1965-06-05,***-**-0488,IA
735,Elizabeth,Bautista,1993-05-04,***-**-8946,MT
2106,Danielle,Kemp,1980-10-27,***-**-5272,OK
1406,Melinda,Miller,1974-03-01,***-**-2932,GA
1273,Cindy,Wagner,1962-05-21,***-**-6272,MI
1957,Rebecca,Kirby,1957-10-27,***-**-7876,IL
2042,Jeremy,Jefferson,1992-03-16,***-**-4470,OH
668,Vincent,Thomas,1962-03-31,***-**-5867,HI
1791,Cameron,Jones,1988-11-12,***-**-5160,MI
950,Alicia,Morales,1965-06-28,***-**-5920,HI
1580,Dylan,White,1992-07-18,***-**-0048,OH
67,Lauren,Price,1975-06-30,***-**-5316,MI
1632,Diane,Buck,1976-04-09,***-**-5953,NE
1080,Brian,Harper,1967-01-02,***-**-3047,PA
190,Tim,Allen,1973-01-08,***-**-4264,WV
1477,Sierra,Cortez,1974-03-24,***-**-5367,WA
1338,Thomas,Garza,1987-09-23,***-**-5832,DE
181,Daniel,Ramirez,1976-12-31,***-**-8963,NY
1966,Crystal,Ellis,1958-03-09,***-**-0049,NH
150,Stefanie,Carpenter,1978-06-26,***-**-4588,KY
2019,Timothy,Cameron,1960-04-23,***-**-8743,KY
1149,Brandi,Gregory,1983-04-15,***-**-5829,NC
1162,Victoria,Daniels,1966-06-08,***-**-9427,NM
1108,Steven,Washington,1963-08-23,***-**-1988,AL
935,Michelle,Wright,1969-02-19,***-**-6564,UT
106,Keith,Carter,1957-08-16,***-**-0345,VT
692,Nathan,Cruz,1970-09-16,***-**-8620,HI
122,Robert,Gonzales,1968-08-02,***-**-1916,GA
2081,Matthew,Garcia,1983-04-13,***-**-8684,KS
1568,Gina,Green,1960-03-01,***-**-3706,TN
1895,Barbara,York,1975-02-17,***-**-9106,VT
1194,Crystal,French,1979-10-04,***-**-1489,UT
1190,Kathy,Bryant,1988-10-12,***-**-3187,MO
271,Brittney,Lin,1993-09-02,***-**-2328,MN
1772,Lindsay,Francis,1976-01-30,***-**-4190,GA
1765,Bryan,Torres,1985-06-02,***-**-6406,IL
1727,Michael,Crawford,1982-05-31,***-**-1246,HI
161,Anna,Mann,1969-12-09,***-**-3666,SD
628,Richard,Bowers,1978-07-12,***-**-9051,ME
1203,Jennifer,Welch,1967-09-14,***-**-4330,MA
489,Megan,Phillips,1986-06-13,***-**-7101,WY
546,Anthony,Garcia,1965-10-30,***-**-6626,MI
713,Courtney,Hughes,1975-06-21,***-**-3393,NM
1880,Jennifer,Allison,1989-12-24,***-**-8151,DE
637,Randy,Smith,1979-11-19,***-**-7796,AR
1272,Christopher,Harris,1989-02-23,***-**-7997,CA
1900,Laura,Salazar,1959-07-12,***-**-8642,OR
966,Kristi,Harrell,1968-06-09,***-**-1401,WI
1186,Christine,Brown,1974-03-22,***-**-1339,NY
1491,Rachel,Morris,1975-06-03,***-**-9640,AL
1088,Daniel,Hanson,1972-10-24,***-**-3739,KY
343,Geoffrey,Lee,1993-09-14,***-**-6931,WV
717,Thomas,Murphy,1987-02-07,***-**-8386,RI
1361,Randall,Anderson,1962-02-10,***-**-8197,WI
1725,Amy,Dominguez,1984-09-18,***-**-8377,WV
1654,Danielle,Stanley,1973-04-07,***-**-1073,FL
1599,Michael,Henry,1981-03-04,***-**-2634,WY
1974,Jessica,Thompson,1968-01-10,***-**-7127,CO
1714,Christopher,Valenzuela,1973-01-23,***-**-7702,VA
97,Jesse,Baker,1989-12-20,***-**-6515,IL
1901,Charles,Crawford,1991-10-26,***-**-8999,WY
1972,James,Austin,1961-12-23,***-**-3614,KS
1448,Christopher,Miller,1987-11-17,***-**-9999,LA
1788,Kari,Howe,1961-07-29,***-**-2386,WI
214,Gerald,Everett,1965-05-19,***-**-4232,VT
1073,Brian,Snyder,1962-10-16,***-**-8265,NY
86,Brian,Young,1968-05-27,***-**-9571,AL
6,John,Snow,1969-03-04,***-**-5075,GA
2041,Tanya,Maxwell,1992-06-28,***-**-4019,ND
769,Jill,Keller,1992-04-11,***-**-9735,NV
2007,Samantha,Cruz,1967-09-18,***-**-3798,CT
1123,Amy,Jones,1973-11-12,***-**-4671,CO
779,Nathaniel,Dominguez,1976-11-24,***-**-9952,KY
1506,Barbara,Allen,1963-11-11,***-**-8520,MN
358,Sergio,Bass,1959-12-23,***-**-5957,NH
2117,Jeremy,Cunningham,1967-04-13,***-**-1623,CT
1497,Michelle,Wheeler,1988-10-14,***-**-2060,CO
1236,Brooke,Roberts,1975-04-26,***-**-0727,SD
622,Mary,Thomas,1963-12-18,***-**-1656,MI
1588,Taylor,Curry,1983-05-23,***-**-8049,AR
789,Julian,Hudson,1971-09-05,***-**-2441,WY
1639,Kara,Collins,1966-01-27,***-**-0133,RI
74,Aaron,Curtis,1991-01-13,***-**-1609,AK
49,Jennifer,Boyd,1975-06-26,***-**-5668,MA
1863,Maria,Eaton,1970-09-24,***-**-9821,WY
1603,Eric,Fry,1968-11-05,***-**-8303,NY
2090,Jillian,Jones,1973-07-17,***-**-0820,PA
348,Jennifer,Franklin,1987-06-24,***-**-4530,IL
973,John,Carter,1965-07-17,***-**-3573,CA
481,Joshua,Allen,1984-06-26,***-**-0650,IA
1455,Kimberly,Foster,1965-06-22,***-**-7792,GA
802,Joshua,Lopez,1976-01-20,***-**-6314,IN
2095,Joseph,Brooks,1994-11-08,***-**-0968,OK
64,Bethany,Williams,1971-06-24,***-**-7606,VT
958,Aaron,Ward,1971-09-12,***-**-6340,VA
1136,Kevin,Hawkins,1980-06-13,***-**-4639,SD
1447,Michael,Hall,1970-02-28,***-**-4979,VT
866,Brianna,Lester,1990-04-21,***-**-8063,NV
300,Joanna,Chavez,1989-08-31,***-**-9580,IA
627,Michael,Jimenez,1968-01-30,***-**-8278,IN
171,Jane,Murphy,1961-10-23,***-**-9115,WA
412,Kathryn,Perez,1975-06-08,***-**-7806,AR
568,Timothy,Smith,1991-10-29,***-**-7591,NE
494,Kelly,Hayes,1977-03-16,***-**-8491,AZ
1674,James,Contreras,1971-09-30,***-**-8665,LA
129,Keith,Shaw,1975-03-14,***-**-9267,IN
7,Kendra,Sutton,1984-08-22,***-**-2567,WI
589,Anne,Lawrence,1973-07-03,***-**-4532,UT
1886,Richard,Powers,1990-08-17,***-**-5848,AR
308,Adam,Wells,1988-11-14,***-**-0097,VA
1841,Stephen,Wolfe,1979-12-18,***-**-2132,KS
1377,George,Silva,1992-03-23,***-**-7345,SC
463,Anthony,Fuentes,1985-12-19,***-**-3936,IL
99,Scott,Wood,1993-05-14,***-**-9666,WY
2044,Lance,Perez,1960-08-06,***-**-7348,MO
1810,Melissa,Snyder,1981-09-03,***-**-0592,HI
1770,Sandra,Olson,1957-03-31,***-**-9854,IA
1410,Daniel,Rosario,1982-02-28,***-**-4641,ND
885,Dominique,Key,1974-05-18,***-**-0919,TN
1353,Evelyn,Gordon,1974-10-02,***-**-4793,NE
453,Michael,Bauer,1977-06-28,***-**-8715,AR
169,Angela,Johnson,1979-09-26,***-**-7252,NY
1747,Benjamin,Dunn,1993-08-30,***-**-8382,AZ
1630,Ronald,Craig,1976-09-22,***-**-5153,AZ
585,Ashley,Adams,1973-06-19,***-**-1024,CA
535,Elizabeth,Bell,1975-09-10,***-**-9823,OR
39,Alyssa,Hernandez,1990-09-24,***-**-5791,WA
88,Caleb,Thompson,1990-04-11,***-**-3511,NH
1245,John,Campbell,1974-03-29,***-**-5123,MI
844,Russell,Lewis,1978-01-04,***-**-4842,LA
346,Douglas,Garcia,1987-04-27,***-**-6456,WV
315,Javier,Burch,1981-08-30,***-**-9883,OK
166,Alison,Ware,1975-02-14,***-**-3971,NY
564,Timothy,Brown,1980-10-30,***-**-5939,GA
2093,Pamela,Schmidt,1958-05-11,***-**-4650,WY
408,Annette,Clarke,1985-12-04,***-**-5216,AL
853,Douglas,Meyer,1967-11-28,***-**-8451,AK
1100,John,Padilla,1980-01-25,***-**-7063,WY
462,Kelly,Ramsey,1989-08-16,***-**-0825,IL
547,Jennifer,Mcclure,1982-12-16,***-**-8291,MI
1182,Stephen,Gonzalez,1963-06-23,***-**-9897,TN
724,Stacy,Bryant,1975-11-17,***-**-9307,TX
466,Ronald,Wright,1982-01-23,***-**-7430,WA
2010,Stephanie,Garcia,1960-04-08,***-**-8073,AL
1833,Johnny,Walter,1963-10-26,***-**-3244,KS
227,Sarah,Coffey,1973-09-25,***-**-3020,NY
420,Katherine,Hart,1976-10-14,***-**-2031,VT
616,Olivia,Smith,1986-05-18,***-**-8043,KS
1984,Erin,Patterson,1991-09-20,***-**-6143,AL
1686,Michael,Gray,1970-06-04,***-**-9774,UT
195,Joshua,Jones,1980-05-09,***-**-6659,NC
320,Beverly,Moore,1958-03-03,***-**-5721,CA
426,Paige,Brown,1959-03-02,***-**-9459,AK
1358,Laurie,Miles,1978-09-12,***-**-0240,HI
1488,Aaron,Dillon,1958-09-18,***-**-1764,CT
328,Sharon,Davis,1994-06-28,***-**-9341,KY
1574,Jack,Turner,1975-01-30,***-**-3773,NJ
992,Sandra,Patton,1959-08-11,***-**-2081,WA
1260,David,Williams,1965-09-28,***-**-6692,OR
1414,Jeffrey,Hardy,1980-05-30,***-**-2321,AK
1428,Steven,Cline,1966-12-15,***-**-8827,UT
428,Jonathan,Diaz,1990-04-09,***-**-6965,NY
1304,Eric,Lyons,1980-06-17,***-**-4052,VT
1457,Lori,Scott,1966-08-16,***-**-4533,MI
1032,Scott,Jones,1976-12-12,***-**-7186,MT
639,Rhonda,Day,1958-02-11,***-**-4229,MT
687,David,Young,1977-08-28,***-**-5727,PA
975,Ryan,Jackson,1982-06-19,***-**-3652,OK
1848,Alex,Leonard,1986-11-01,***-**-3475,WV
1842,Michele,Cross,1988-12-22,***-**-0952,ND
1217,Stephen,Lopez,1978-10-01,***-**-0888,IN
4,Laura,Vasquez,1968-01-19,***-**-5984,NV
1661,Sharon,Weber,1966-09-12,***-**-2610,ME
1776,Eric,Obrien,1985-05-07,***-**-9661,AL
1707,Frederick,Mullen,1980-09-03,***-**-9367,OR
861,Carla,Simpson,1975-10-27,***-**-6697,MS
1944,Corey,Garcia,1972-07-16,***-**-7809,OH
499,Justin,Phillips,1960-09-01,***-**-1377,NC
135,Timothy,Smith,1994-04-21,***-**-1291,KY
2102,Suzanne,Hill,1991-10-25,***-**-7170,NJ
1048,Stacey,Burgess,1967-12-15,***-**-5899,MT
2105,Kelly,Perez,1963-03-12,***-**-7123,NE
1985,Jennifer,Wagner,1977-07-31,***-**-3321,OH
1469,George,Williams,1962-02-27,***-**-3096,NC
52,Michael,David,1971-03-09,***-**-6617,AL
1258,John,Perez,1994-01-01,***-**-7828,RI
1577,Nicole,Sherman,1982-01-07,***-**-3201,WV
196,Teresa,Macias,1989-08-01,***-**-3312,WA
1115,Benjamin,Lee,1988-10-19,***-**-4752,VA
1064,Jodi,Anderson,1976-03-21,***-**-6103,MD
1501,Matthew,Ritter,1965-02-08,***-**-2355,NY
1598,Lauren,Howard,1965-11-21,***-**-2196,OR
267,Richard,Butler,1985-12-10,***-**-1460,NE
403,Katrina,Freeman,1969-11-09,***-**-7170,KS
18,Whitney,Graham,1968-09-26,***-**-3110,IN
2058,Anna,Mills,1974-07-09,***-**-5746,ID
1785,Lisa,Avila,1994-02-03,***-**-1528,PA
151,Darrell,Stevens,1986-04-29,***-**-6328,MT
1151,Hayden,Norman,1986-02-20,***-**-6410,VA
2071,Anthony,Baker,1962-02-21,***-**-4451,LA
1970,Jonathan,Pierce,1959-12-19,***-**-8992,MI
331,Rachael,Norton,1972-12-23,***-**-7804,IN
1715,Rachel,Blackburn,1964-05-26,***-**-3968,TX
645,Gabrielle,Rodriguez,1988-04-12,***-**-2821,MI
1530,Katherine,Prince,1990-08-13,***-**-4732,OH
289,Amy,Ellis,1991-07-18,***-**-8269,GA
1431,Christopher,Jordan,1960-12-26,***-**-4964,AR
2015,John,Hancock,1983-04-01,***-**-3528,TX
376,Pamela,Wang,1964-06-22,***-**-5305,VA
248,Cynthia,Campbell,1974-03-03,***-**-4326,NM
864,Kristi,Mccoy,1985-09-28,***-**-3151,CO
15,Karen,Jacobs,1977-04-13,***-**-4171,CO
321,Jennifer,Johnson,1989-12-06,***-**-3693,NH
360,Carla,Hughes,1987-05-24,***-**-1835,VT
1537,Ernest,Oliver,1988-02-09,***-**-2396,MO
801,Tyler,Blackwell,1963-01-25,***-**-8949,CT
1650,Bethany,Weber,1962-06-10,***-**-0793,KY
1449,Richard,Alvarez,1983-12-17,***-**-2399,ID
1339,Kimberly,Stevens,1968-04-22,***-**-5276,NV
1939,Emily,Mitchell,1993-12-15,***-**-6049,NE
1009,Sherry,Fernandez,1968-04-23,***-**-8164,AK
446,Danielle,Manning,1961-05-21,***-**-2579,MD
1670,Deanna,Acosta,1958-05-04,***-**-5562,AK
849,Kristin,Dawson,1981-03-16,***-**-4356,RI
1351,Sarah,Moreno,1988-05-11,***-**-7060,SC
1392,Stephanie,Flores,1967-03-30,***-**-0809,TN
1234,Sharon,Jones,1964-07-18,***-**-7077,CT
829,Robin,Coleman,1964-07-20,***-**-9488,SC
1046,Cindy,Hopkins,1966-03-25,***-**-4307,KS
1249,Peter,Hernandez,1961-12-20,***-**-7684,ME
141,William,Ray,1961-09-24,***-**-8062,SC
507,Cheryl,Smith,1978-12-21,***-**-9119,NE
1838,Christopher,Glover,1970-03-14,***-**-0848,NV
1145,Sharon,Leblanc,1967-05-15,***-**-0490,ME
592,David,Price,1981-04-19,***-**-0393,WV
819,John,Patel,1987-01-25,***-**-9381,VA
1405,Victor,Cole,1959-07-01,***-**-6357,WY
784,Karen,Heath,1974-03-07,***-**-9945,CA
1572,Paul,Allen,1981-11-07,***-**-5698,LA
1240,Kristina,Johnson,1980-02-14,***-**-5010,NJ
1077,Dominic,Ramos,1982-03-19,***-**-8256,VT
93,Brandon,House,1979-06-06,***-**-4394,NJ
83,Sandra,Kelly,1985-05-09,***-**-4847,NH
2070,Anthony,Melton,1991-04-08,***-**-9353,NM
261,Yvette,Duke,1976-11-08,***-**-9549,IL
974,Michael,Henry,1974-03-27,***-**-2095,NE
1700,Emily,Taylor,1973-04-14,***-**-2018,IA
1166,Peggy,Mcdaniel,1988-01-04,***-**-3459,WA
207,Teresa,Murphy,1971-02-13,***-**-1236,MD
137,Natalie,Ward,1992-03-04,***-**-8729,HI
89,Jacqueline,Kirby,1975-12-04,***-**-1802,ID
1031,Amanda,Young,1977-08-06,***-**-9361,WY
1872,Russell,Zavala,1973-02-09,***-**-2734,NY
1564,Nicole,Carpenter,1973-02-17,***-**-6993,SC
1732,Bradley,Wagner,1994-01-02,***-**-3583,TX
460,Marie,Bailey,1969-08-23,***-**-9692,NH
5,Rebecca,Roach,1965-05-19,***-**-6554,ND
1689,Chad,Duncan,1958-06-29,***-**-9407,NE
361,Mark,Thompson,1976-06-15,***-**-1322,NE
823,Suzanne,Rhodes,1980-04-28,***-**-1958,NC
846,Melissa,Reyes,1984-08-20,***-**-2985,LA
1627,Samuel,Phillips,1972-06-19,***-**-8806,MI
744,James,Cortez,1986-11-23,***-**-8728,NJ
125,Randall,Whitehead,1962-11-07,***-**-9200,VA
1468,Matthew,Richardson,1962-05-13,***-**-0719,SD
79,Sandra,Myers,1959-04-05,***-**-2873,NM
1865,Natasha,Davis,1977-01-12,***-**-1572,WY
1642,Susan,Diaz,1976-11-24,***-**-6920,WI
1637,Nicholas,Nguyen,1974-07-13,***-**-5394,NH
1745,Michael,Welch,1980-03-12,***-**-0630,WV
117,Jennifer,Yates,1971-09-13,***-**-8351,RI
1485,Gail,Bradshaw,1990-02-10,***-**-2069,NM
913,Anthony,Mills,1959-08-29,***-**-7435,RI
1003,Christina,Winters,1958-01-27,***-**-1063,AZ
199,Tracey,Gomez,1959-07-12,***-**-2801,NJ
2052,Angela,Hart,1961-07-07,***-**-8217,IL
12,Katherine,Baird,1980-03-30,***-**-1191,NJ
1667,Jennifer,Bradley,1965-07-30,***-**-2170,TN
1412,Hunter,Payne,1971-10-10,***-**-2149,TN
241,Amy,Black,1974-04-27,***-**-4888,NJ
474,James,Mccormick,1962-04-15,***-**-8300,OK
1004,Michael,Edwards,1981-02-08,***-**-2239,AZ
2103,William,Johnson,1973-11-13,***-**-7808,MO
1884,Heather,Thompson,1970-07-27,***-**-2820,HI
1315,John,Gibson,1961-10-24,***-**-4643,LA
1301,Laurie,Elliott,1964-08-02,***-**-9421,CO
332,James,Neal,1966-07-18,***-**-1272,GA
1232,Eric,Moore,1964-01-01,***-**-6218,WA
1815,Corey,White,1979-05-18,***-**-2974,CA
800,Kenneth,Holmes,1991-10-01,***-**-2289,MI
1933,Daniel,Mason,1974-06-12,***-**-3217,CT
319,John,Warren,1993-07-07,***-**-4238,ID
1752,Julie,Taylor,1989-01-17,***-**-2015,ME
223,Kathryn,Carpenter,1991-10-31,***-**-2644,WI
1811,Kathy,Castillo,1977-02-18,***-**-5318,AR
1665,Kendra,Wood,1960-11-22,***-**-7560,OH
105,Elizabeth,Johnson,1968-06-27,***-**-8484,NC
517,Katherine,Johnson,1983-12-09,***-**-5126,MI
1631,Linda,Day,1970-06-01,***-**-8740,AK
1529,Brandon,Ho,1992-12-11,***-**-4498,NV
63,Timothy,Martin,1985-04-10,***-**-9876,FL
618,Chad,Zimmerman,1979-09-20,***-**-6293,NM
583,Dylan,Parker,1981-02-18,***-**-3245,IL
2025,Kylie,Mccormick,1983-02-22,***-**-4307,DE
1261,Jason,Reyes,1985-10-14,***-**-9108,CO
461,Arthur,Carlson,1990-12-09,***-**-0609,WI
437,Kevin,Wyatt,1975-07-11,***-**-1089,NE
591,Michelle,Skinner,1975-09-18,***-**-4888,ME
1250,William,Grant,1970-04-26,***-**-4808,PA
1489,Cassie,White,1972-10-14,***-**-2610,OK
746,Jimmy,Carney,1990-01-23,***-**-9509,MO
1135,Daniel,Jones,1974-09-05,***-**-3456,LA
613,Austin,Oliver,1970-12-09,***-**-2351,WY
1308,Michael,Welch,1992-04-18,***-**-6942,RI
1016,Derek,Payne,1970-03-26,***-**-1519,WA
1483,Eric,Dominguez,1966-11-05,***-**-4746,RI
182,William,Burns,1979-01-11,***-**-3068,TX
1293,Andrew,Nguyen,1972-12-24,***-**-3264,KS
167,Cheryl,Salazar,1991-03-14,***-**-7968,TX
1436,Karen,Williams,1987-08-13,***-**-2151,AR
56,Todd,Reyes,1970-03-28,***-**-3675,VT
1381,Andrew,Williams,1968-09-16,***-**-5827,NE
355,Jeffrey,Mathews,1957-02-25,***-**-1447,CT
1855,Victoria,Reeves,1970-05-09,***-**-1972,CT
1657,Aaron,Munoz,1986-11-10,***-**-0581,OR
1387,Larry,Smith,1959-03-09,***-**-9634,UT
709,Zachary,Hall,1981-02-14,***-**-0846,IL
893,Andrea,Aguilar,1979-05-22,***-**-1821,KS
685,Christopher,Bauer,1981-10-12,***-**-5742,MO
725,Charles,Fry,1976-02-26,***-**-6923,CT
1515,Joshua,Mann,1977-05-02,***-**-2818,OR
1559,Diana,Smith,1992-08-20,***-**-0859,VT
968,Michelle,Kennedy,1987-04-03,***-**-1154,WI
903,Christine,Sims,1977-05-30,***-**-0585,SD
1908,Frederick,Moody,1983-12-14,***-**-8461,AK
1238,Kevin,Smith,1977-11-17,***-**-2592,NC
1498,Amy,Sampson,1971-03-14,***-**-1910,IN
1856,Vanessa,Edwards,1993-12-08,***-**-2861,PA
1524,Daniel,Mitchell,1972-03-23,***-**-1942,NV
130,Jessica,Rivera,1985-12-08,***-**-7802,MN
1341,Amy,Dickson,1987-08-15,***-**-6803,RI
679,Stephen,Johnson,1973-03-18,***-**-6635,MT
349,Bryan,Hartman,1973-07-31,***-**-5028,CT
2002,Jason,Buck,1964-04-25,***-**-2468,CA
1259,Adrian,Hartman,1982-08-31,***-**-6535,CO
1318,Gabrielle,Sampson,1985-10-29,***-**-6945,IL
1207,Nancy,Montoya,1980-09-18,***-**-9310,IN
1094,Theresa,Daniels,1961-09-21,***-**-4320,NC
1581,Tammy,Jones,1962-10-06,***-**-9069,CO
925,Caitlin,Orozco,1990-07-20,***-**-9661,OK
1324,Michael,Michael,1975-03-02,***-**-6357,VT
146,Daniel,Edwards,1967-11-07,***-**-0900,NJ
797,Nicholas,Mclaughlin,1962-07-10,***-**-4974,OK
856,Heather,Fisher,1961-12-03,***-**-0333,TN
479,John,Wade,1992-09-24,***-**-4931,IN
503,Timothy,Moore,1986-12-25,***-**-1862,NH
1342,Christopher,Santos,1989-02-09,***-**-1539,VT
1910,Jessica,Bennett,1985-06-11,***-**-3499,FL
1668,David,Ochoa,1972-01-08,***-**-4198,SC
1575,Joseph,Ellis,1958-02-08,***-**-5537,MS
1693,Shelia,Jones,1962-09-27,***-**-6040,FL
425,Kelli,Garcia,1982-01-26,***-**-3958,KS
572,John,Odonnell,1966-11-04,***-**-7711,AR
1902,Shawn,Phelps,1972-02-02,***-**-9307,NC
561,Samantha,Dunlap,1977-02-14,***-**-2309,TX
2098,Lawrence,Hall,1994-05-11,***-**-9377,MD
702,Christopher,Hernandez,1985-12-04,***-**-7847,KY
436,Christopher,Smith,1988-09-29,***-**-4989,NE
1589,Jennifer,Lindsey,1977-11-15,***-**-8382,ND
963,Brent,Gillespie,1959-10-28,***-**-8806,WV
1958,James,Macias,1960-04-20,***-**-4913,NH
1734,Tamara,Grant,1968-03-21,***-**-6745,MO
1388,Angelica,Mejia,1990-10-11,***-**-5190,MD
976,Erica,Moore,1981-01-04,***-**-6562,LA
1191,Kyle,Berry,1974-12-12,***-**-2612,MT
1887,Christine,Parks,1992-08-06,***-**-5992,ND
1716,Holly,Jacobs,1973-02-05,***-**-9418,KS
221,Crystal,Ramos,1968-05-01,***-**-9392,NC
1737,Heather,Franklin,1977-06-04,***-**-3245,AK
922,Cameron,Kennedy,1969-03-25,***-**-9205,TN
1664,Megan,Mendoza,1984-04-27,***-**-9281,OH
1663,James,Stanley,1988-08-08,***-**-5348,CO
1465,Ricardo,Price,1986-03-19,***-**-0586,SD
340,Deanna,Lopez,1957-04-04,***-**-2027,CT
363,Juan,Beasley,1962-07-30,***-**-8974,KS
1638,Steven,Cain,1982-05-20,***-**-0881,GA
1281,Mary,Green,1994-08-15,***-**-8216,ND
754,Christine,Ibarra,1971-12-11,***-**-4542,WI
1486,Stacey,Luna,1961-09-03,***-**-7957,CO
881,Marcus,Diaz,1984-04-09,***-**-4253,IL
952,David,Jones,1966-12-26,***-**-8614,KY
475,Jesus,Clark,1979-06-17,***-**-9169,NV
1354,Theresa,Mitchell,1964-09-18,***-**-2414,IA
1718,Jennifer,Gonzalez,1966-11-18,***-**-8160,NV
1492,Douglas,Bass,1992-08-17,***-**-8214,VT
80,Kimberly,Thompson,1984-05-28,***-**-7323,NJ
595,Angela,Hart,1973-08-26,***-**-3242,MT
544,Bryan,Gomez,1990-05-03,***-**-5060,ME
791,Jessica,Howard,1989-04-05,***-**-2966,OK
787,Justin,Dawson,1975-02-10,***-**-3269,KS
1724,Edward,Porter,1980-05-30,***-**-3766,LA
205,Meredith,Anderson,1983-03-21,***-**-7457,ME
224,Julie,Nelson,1960-08-28,***-**-3907,WA
1269,Michael,Martin,1994-10-29,***-**-8347,IN
886,Elizabeth,Moore,1979-09-22,***-**-4182,SC
578,Nicholas,Valentine,1992-06-13,***-**-8399,TX
1265,Marie,Young,1966-12-09,***-**-3513,OK
1389,Christopher,Washington,1986-04-25,***-**-7035,MO
1822,Henry,Hoffman,1977-12-13,***-**-1493,NJ
397,Richard,Armstrong,1991-01-07,***-**-5575,MS
162,Kyle,Walker,1959-11-13,***-**-9493,VA
1390,Derrick,Wilcox,1987-10-04,***-**-7187,ME
1116,Lucas,Duncan,1987-10-06,***-**-4251,MS
883,Lisa,Holmes,1993-07-16,***-**-0562,NJ
1573,Elizabeth,Cooper,1981-08-10,***-**-0180,NH
1522,Stacey,Martinez,1977-11-10,***-**-6226,MI
76,Judith,Haynes,1988-02-21,***-**-2176,NC
496,Jackie,Hill,1974-03-09,***-**-9550,NE
2091,Michael,Brown,1960-08-26,***-**-5539,CT
1726,Anthony,Porter,1959-08-03,***-**-2303,MN
1996,Joanna,Hernandez,1962-05-26,***-**-7427,SD
325,Ashley,Anderson,1982-08-15,***-**-0355,OH
294,Cassandra,Acosta,1972-06-09,***-**-3840,WA
1104,Robert,Davidson,1959-08-27,***-**-6216,MN
260,Lisa,Guzman,1963-09-01,***-**-9995,ND
2043,Bonnie,Kelley,1969-08-27,***-**-2787,IA
511,Christopher,Perez,1990-03-18,***-**-4454,ND
1818,Randy,Johnson,1992-10-18,***-**-7577,OH
37,Lauren,Rivas,1963-03-01,***-**-4932,AZ
336,Tracey,Chavez,1980-12-16,***-**-8884,FL
1023,David,Marks,1957-03-01,***-**-0456,ND
147,Shawn,Nunez,1973-11-25,***-**-0430,TN
306,Russell,Yu,1966-02-24,***-**-0983,ND
351,Elizabeth,Hammond,1971-11-13,***-**-8748,OR
710,Heather,Scott,1964-06-03,***-**-3710,WY
1082,Kimberly,Hull,1974-04-05,***-**-0816,WI
387,Robert,Drake,1979-11-27,***-**-6370,WI
605,Adrian,Martin,1976-08-02,***-**-4117,PA
1169,Jessica,Rivers,1991-01-30,***-**-4721,MS
760,Christopher,Lee,1983-06-26,***-**-8979,VT
1282,Christopher,Herman,1991-12-29,***-**-8842,NC
1658,Charles,Nash,1967-07-29,***-**-9903,VT
35,Danielle,Barr,1957-03-02,***-**-6806,NH
155,Andrew,Ramos,1986-11-02,***-**-4035,WA
1110,Kevin,Hall,1990-06-24,***-**-3584,AK
1906,Travis,Thompson,1957-02-04,***-**-0470,HI
78,Emily,Harris,1964-04-29,***-**-3273,SC
961,Samantha,Sanders,1993-03-17,***-**-6736,AK
1672,Benjamin,Hayes,1967-09-11,***-**-2236,WY
471,Michael,Hale,1960-06-30,***-**-4326,HI
1858,Lindsay,Smith,1984-05-26,***-**-6627,ME
2013,Kevin,Gonzalez,1985-06-29,***-**-9265,FL
2122,Robin,Quinn,1959-05-10,***-**-4725,IL
1444,Christopher,Fisher,1968-05-30,***-**-7719,VT
1816,Denise,Blankenship,1989-04-17,***-**-5390,ID
1874,Mark,Fitzgerald,1975-10-28,***-**-0350,MS
632,Mary,Strickland,1966-11-08,***-**-8918,OR
1622,Catherine,Davies,1968-09-11,***-**-0142,FL
1526,Patricia,Cooley,1987-08-26,***-**-5355,WY
1594,Kerry,Adams,1991-06-09,***-**-8122,RI
1889,Adrian,Higgins,1990-06-05,***-**-5579,WV
1962,Nicholas,Crawford,1980-10-18,***-**-3366,ND
1286,Jennifer,Galvan,1967-12-30,***-**-3209,NJ
2030,April,Thomas,1962-08-24,***-**-2295,NJ
862,Billy,Dawson,1994-07-09,***-**-5061,KY
1473,Jennifer,Wilcox,1980-10-16,***-**-5553,KS
392,Gavin,Brown,1986-05-23,***-**-9853,AR
1802,James,Russell,1993-07-25,***-**-4296,NH
1097,Timothy,Wilson,1985-03-16,***-**-3011,MO
25,Michael,Schmidt,1981-01-23,***-**-0951,UT
651,Sarah,Carrillo,1988-05-24,***-**-9627,OH
43,Ann,Romero,1977-03-16,***-**-1940,CT
1072,Mark,Sanchez,1962-07-23,***-**-5707,IL
1869,Christopher,Williams,1973-01-21,***-**-6972,AZ
92,Daniel,Stewart,1963-01-06,***-**-8344,AZ
1107,Jason,Lopez,1958-01-17,***-**-8706,WI
91,Grace,Garcia,1980-06-30,***-**-5358,CO
940,Adam,Lee,1971-01-22,***-**-5729,PA
593,Brian,Rivera,1979-02-09,***-**-5280,WV
1327,Justin,Howard,1962-03-21,***-**-7396,AL
1068,Bonnie,Joseph,1991-10-10,***-**-0637,WI
98,Michael,Richard,1963-08-12,***-**-1758,WI
1935,Matthew,Ortega,1959-02-10,***-**-0957,AZ
1525,Christine,Sparks,1969-06-26,***-**-9890,RI
1334,Troy,Reynolds,1967-04-04,***-**-0710,NV
1267,Ronald,Taylor,1979-07-09,***-**-5753,CA
1370,Donald,Lyons,1958-06-10,***-**-4933,IN
1461,Lisa,Hicks,1990-10-03,***-**-1465,MI
1383,Carolyn,Wells,1976-11-27,***-**-6075,MA
1945,Sandra,Powers,1991-10-10,***-**-0672,WA
1645,Dawn,Brown,1959-03-10,***-**-8962,WY
807,George,Oconnell,1975-03-31,***-**-5547,DE
1246,Jackson,Lucero,1963-05-12,***-**-6377,MI
764,Travis,Smith,1992-04-23,***-**-2120,LA
1653,Bianca,Wong,1978-07-15,***-**-9401,LA
427,Willie,Allen,1993-01-29,***-**-6874,RI
1321,Andrew,Rodgers,1991-08-07,***-**-7522,ME
133,James,James,1981-05-07,***-**-0406,OK
1105,Amy,Estrada,1984-07-30,***-**-6593,WI
73,Mary,Carrillo,1960-06-10,***-**-2605,NJ
892,Jamie,Jones,1980-02-12,***-**-0066,HI
452,Carol,Foster,1988-01-13,***-**-5822,DE
2056,Ann,Mitchell,1966-06-14,***-**-6382,AK
1071,Cynthia,Robinson,1968-05-10,***-**-2765,LA
548,Lauren,Allen,1968-06-14,***-**-5523,AR
381,James,Baker,1973-10-09,***-**-0137,OK
2053,Katherine,Glass,1966-01-14,***-**-9120,NH
377,Lori,Alvarado,1987-08-07,***-**-3011,AL
810,Elizabeth,Mack,1987-10-31,***-**-0674,WI
678,Daniel,Rodriguez,1970-07-05,***-**-5485,NC
103,Melanie,Garrett,1957-12-13,***-**-9240,UT
1775,William,Landry,1973-02-26,***-**-8042,MT
985,Chelsea,Gallagher,1993-08-03,***-**-7805,VT
1931,Stephanie,Greer,1965-04-10,***-**-7531,VA
174,Victoria,Mcdaniel,1965-09-14,***-**-9517,CA
1187,Francisco,Archer,1981-08-19,***-**-6654,AK
1141,Caroline,Morrison,1966-04-24,***-**-1880,MO
1562,Mary,Daniel,1971-06-12,***-**-9538,IL
655,Paul,Harris,1973-03-27,***-**-1734,TX
949,Jay,Smith,1979-04-02,***-**-8985,KY
1850,Ashlee,Hall,1962-10-10,***-**-0455,MT
177,Meagan,Harrington,1988-08-04,***-**-1677,IL
537,Jasmine,Ho,1977-01-30,***-**-0531,MA
2027,Jill,Jones,1977-10-10,***-**-4898,IL
1702,Kathryn,Rodgers,1979-12-23,***-**-2077,CA
1059,Karen,Nolan,1988-05-11,***-**-9034,MA
82,Randy,Johnston,1989-07-25,***-**-6052,NC
2020,William,Doyle,1967-02-14,***-**-8137,AR
1531,Dylan,Singh,1965-08-12,***-**-1489,CT
1221,Erin,Norton,1991-08-12,***-**-8009,NE
604,Jonathan,Bennett,1991-02-08,***-**-0104,NJ
1878,Abigail,Wong,1988-03-04,***-**-1896,FL
2008,Shawn,Bennett,1980-07-19,***-**-0598,OK
202,Dawn,Kramer,1988-09-11,***-**-7257,LA
1121,Steven,Taylor,1958-01-21,***-**-0487,AL
124,Michael,Newton,1973-08-02,***-**-8678,OK
843,James,Day,1991-02-16,***-**-2205,VT
1871,Alec,Williams,1981-08-08,***-**-3293,AL
389,Jill,Torres,1958-02-27,***-**-9730,CT
2072,Stephanie,Sullivan,1973-05-12,***-**-1275,NJ
1578,James,Knight,1970-06-14,***-**-0910,TX
144,Brandon,Lyons,1963-11-25,***-**-8469,ME
1614,Melinda,Martin,1974-01-26,***-**-3356,CO
1703,Sara,Riley,1980-04-04,***-**-8451,MA
1753,James,Parks,1972-03-05,***-**-5111,MI
930,Andrew,Wilkerson,1961-07-18,***-**-1067,AR
647,Gary,Rice,1965-10-25,***-**-3962,WY
1885,Juan,Carr,1959-10-10,***-**-1881,MT
388,Michael,Chapman,1993-10-08,***-**-7919,NC
1130,Mike,Richardson,1975-05-02,***-**-2258,AR
312,Daniel,Ramirez,1965-07-05,***-**-9999,NJ
1867,Anna,Davies,1979-01-08,***-**-2450,ID
868,Stephanie,Harper,1966-04-15,***-**-2813,IL
1859,Christopher,Garcia,1962-04-30,***-**-1247,AL
359,Joshua,Webb,1964-10-29,***-**-4482,AR
2108,Kelly,Evans,1969-01-25,***-**-1066,PA
752,Marissa,Davis,1975-06-15,***-**-5270,AZ
90,Jermaine,Clark,1979-04-12,***-**-5497,MA
733,Tanner,Medina,1958-07-18,***-**-5988,VA
951,Donald,Dunlap,1993-01-18,***-**-9427,NV
1628,Joseph,Ewing,1957-11-21,***-**-6418,NJ
1243,Kimberly,Smith,1974-01-07,***-**-9371,ME
1247,Nicholas,Obrien,1984-05-11,***-**-2045,AL
917,Jason,Perez,1968-06-18,***-**-5216,NY
2062,Jesse,Hernandez,1977-01-10,***-**-1848,KS
413,Brendan,Newman,1980-04-08,***-**-0507,PA
2066,Marisa,Cunningham,1963-04-15,***-**-7660,SD
365,Christopher,Lee,1963-11-03,***-**-2873,UT
654,Laura,Walker,1985-01-02,***-**-7447,ME
625,Richard,Downs,1967-09-14,***-**-7597,TN
62,Cynthia,Black,1957-10-13,***-**-1892,WY
1695,Sara,Vazquez,1972-04-08,***-**-1732,SD
1209,Logan,Reynolds,1994-04-16,***-**-4618,NH
938,Michele,Brown,1978-09-22,***-**-5035,NM
396,James,Rodriguez,1981-01-25,***-**-3339,OR
458,Jason,Jennings,1972-07-06,***-**-7206,CA
1590,Rebecca,Petty,1961-01-27,***-**-3996,NV
1416,Jeremy,Wagner,1986-12-29,***-**-2501,KY
1098,Mary,Vincent,1965-09-01,***-**-2149,GA
1279,Nathan,Wolfe,1976-05-03,***-**-2075,SC
492,Jose,Adkins,1971-12-13,***-**-5374,WV
1979,Miranda,Mitchell,1967-10-06,***-**-9105,UT
1224,Peter,Hunt,1966-04-19,***-**-5402,IL
341,Katie,Lynn,1983-10-17,***-**-3701,WA
598,Nancy,Smith,1965-02-12,***-**-2243,SC
906,Adam,King,1990-05-14,***-**-9527,OR
490,Shawna,Chan,1991-12-17,***-**-6067,LA
296,Joseph,Dudley,1979-07-17,***-**-6312,NH
1519,Lori,Gallagher,1957-02-08,***-**-7013,KY
2004,Antonio,Velasquez,1984-01-03,***-**-8910,MO
719,Steven,Harris,1970-12-14,***-**-2872,NC
953,Amanda,Brown,1980-01-27,***-**-2038,OR
1344,Ashley,Morales,1963-04-25,***-**-9001,NV
778,Gina,Holder,1971-03-30,***-**-0286,OK
1,Donald,Flores,1984-04-06,***-**-5306,TX
1122,Tanner,Coleman,1959-03-10,***-**-4304,WV
852,Julie,Burnett,1975-05-04,***-**-8126,IA
335,Eric,Ball,1963-04-13,***-**-4040,MO
1006,Alejandro,Harris,1976-08-15,***-**-5703,MD
154,Cindy,Rojas,1989-06-16,***-**-1963,OH
467,Nicole,Mueller,1991-08-11,***-**-4424,NV
1332,Karen,Dennis,1983-08-27,***-**-0487,TN
614,Austin,Rodriguez,1994-09-06,***-**-0095,VA
2061,Frances,Stewart,1982-05-02,***-**-1069,DE
1786,Katie,Camacho,1959-09-24,***-**-2447,MN
541,Samuel,Huber,1981-04-11,***-**-9237,MD
1322,Thomas,Hernandez,1964-06-10,***-**-9293,VA
1343,Sharon,Bryant,1965-05-08,***-**-9955,NH
1882,Daniel,Choi,1968-03-10,***-**-1109,NV
835,Janice,Perry,1966-06-04,***-**-9017,MA
1275,Lauren,Cruz,1985-06-19,***-**-2521,AK
1017,Steven,Taylor,1976-04-03,***-**-5758,DE
682,Teresa,Padilla,1984-07-22,***-**-8415,ND
997,Andrew,Brooks,1967-03-26,***-**-7690,RI
264,Antonio,Townsend,1992-04-11,***-**-1545,MO
1777,Kristina,Hill,1984-06-23,***-**-0946,NY
307,Sarah,Johnson,1968-01-02,***-**-2953,IA
510,Aaron,Johnson,1970-07-21,***-**-0554,IA
1696,Michael,Brown,1966-02-01,***-**-8406,CO
640,Phillip,Brown,1994-06-29,***-**-3100,KS
954,Kevin,Pollard,1977-02-19,***-**-3147,IA
1124,Tommy,Castro,1987-11-24,***-**-4794,OR
398,Courtney,Walker,1976-10-29,***-**-6744,FL
2089,Daniel,Ramsey,1969-09-01,***-**-5559,NC
959,Michael,Robbins,1981-02-08,***-**-8280,IN
198,Robert,Murphy,1978-10-05,***-**-4258,MD
1605,Matthew,Parks,1963-01-15,***-**-4990,NJ
1310,Randy,Acosta,1983-08-26,***-**-8896,NH
1152,Anna,Harrell,1979-07-20,***-**-2164,NH
1891,Julie,Russell,1963-06-01,***-**-9843,AZ
1909,Melissa,Martinez,1977-01-13,***-**-3101,AR
123,Donna,King,1984-05-22,***-**-5938,IA
2051,Ashley,Ryan,1975-08-28,***-**-0520,CO
44,Joshua,Golden,1968-09-04,***-**-9925,ME
60,Jared,Miranda,1987-10-05,***-**-8276,MN
1549,Richard,Martinez,1992-05-13,***-**-2702,VA
179,Kimberly,Andersen,1971-08-04,***-**-1839,GA
1346,Kenneth,Moore,1982-04-30,***-**-0900,IL
1470,Cheryl,Payne,1967-06-11,***-**-0836,CT
1063,Lauren,Lewis,1957-03-09,***-**-6569,NE
714,Rachel,Anderson,1991-10-29,***-**-2308,DE
1742,Jessica,Snyder,1964-05-27,***-**-3836,NM
1704,Edgar,Jennings,1974-09-10,***-**-6853,VT
912,Mark,Brown,1973-03-11,***-**-2028,AK
1981,Erica,Wilson,1962-08-23,***-**-0180,NE
1647,Miguel,Pierce,1971-02-18,***-**-7771,VT
120,Robert,Kim,1967-03-03,***-**-6091,DE
703,Todd,Garza,1976-10-22,***-**-3578,OH
440,Jessica,Thompson,1965-03-13,***-**-1210,PA
1274,Erica,Waller,1987-08-17,***-**-0085,WV
522,Thomas,Stark,1992-12-02,***-**-0771,AZ
865,Emily,Morris,1973-09-22,***-**-0441,MI
599,Jose,Jennings,1974-05-24,***-**-5779,UT
915,Tricia,Stone,1992-10-29,***-**-9831,VT
1311,Tiffany,Robertson,1987-01-21,***-**-2229,NV
326,Stacy,Chambers,1974-11-20,***-**-8177,IA
1503,Tyler,Davis,1975-07-25,***-**-5636,MA
27,Scott,Mitchell,1958-06-16,***-**-0295,NV
439,Samantha,House,1963-09-18,***-**-1318,IN
839,Antonio,Jones,1968-08-24,***-**-3726,ND
266,Christopher,Blackburn,1967-11-17,***-**-6161,WI
817,Ryan,Hayes,1958-12-19,***-**-2420,MN
375,Michelle,Hull,1965-09-16,***-**-6277,WV
2034,Daniel,Bradley,1966-06-24,***-**-7873,TN
1542,Jason,Alexander,1973-07-24,***-**-3904,KY
911,Audrey,Crane,1968-02-03,***-**-3433,ND
1089,Scott,Walker,1969-07-06,***-**-2922,NH
920,Pamela,Andrews,1970-05-17,***-**-7569,SC
1407,Andrew,Boone,1971-11-23,***-**-7128,AZ
1287,William,Nash,1986-03-25,***-**-6906,AK
288,Leah,Huynh,1973-12-22,***-**-8917,WA
1678,Margaret,Peterson,1972-01-11,***-**-6604,AL
1429,Richard,Neal,1983-03-04,***-**-4798,DE
926,Brian,Frost,1962-03-25,***-**-1600,AZ
947,David,Logan,1959-11-23,***-**-4440,AZ
1932,Paige,Carter,1994-07-15,***-**-0153,IL
2047,Jennifer,Garcia,1994-02-03,***-**-6599,MA
557,Tom,Diaz,1968-10-20,***-**-8562,MI
1317,Sean,Nguyen,1984-12-07,***-**-7578,MO
1934,Chelsea,Gibson,1994-11-12,***-**-5956,MS
2087,Kaitlyn,Navarro,1972-06-03,***-**-7020,LA
1220,Alejandra,Castillo,1973-01-07,***-**-7442,CT
552,Vanessa,Russell,1958-05-09,***-**-7025,VT
121,Jeremy,Arias,1979-04-08,***-**-0400,WI
1235,Jason,Hurley,1980-01-16,***-**-8792,CO
2003,Shannon,Smith,1973-10-08,***-**-5776,CT
1196,Justin,Goodwin,1969-08-01,***-**-1175,AR
1437,Cynthia,Moreno,1979-10-25,***-**-6949,IA
1319,Gary,Parker,1959-08-23,***-**-8965,NC
1955,Sara,Ramirez,1994-08-17,***-**-8224,WY
1170,Amanda,Kelly,1957-05-04,***-**-4945,NE
1534,Marie,Fletcher,1957-07-22,***-**-2740,NH
1750,Tamara,Sutton,1960-02-22,***-**-6071,NE
1740,Denise,Reynolds,1980-12-25,***-**-3349,VT
1675,Joshua,Jensen,1986-09-16,***-**-1905,KY
1797,Megan,Taylor,1974-09-25,***-**-0911,WV
1434,Kimberly,Harris,1980-03-15,***-**-5957,UT
327,Matthew,Maldonado,1975-08-12,***-**-2760,NC
259,Tyler,Odonnell,1958-02-03,***-**-4977,MO
826,Crystal,Gillespie,1965-09-01,***-**-2014,NJ
1035,Charles,Rangel,1958-08-08,***-**-1578,WA
606,Janet,Conway,1982-11-16,***-**-0264,MT
698,Gregory,Bell,1971-11-07,***-**-1739,MD
2107,Jordan,Kennedy,1991-11-18,***-**-3302,KS
272,Daniel,Peterson,1967-10-15,***-**-5262,LA
1922,Suzanne,Duncan,1970-08-05,***-**-1866,DE
1566,Jared,Cole,1993-07-05,***-**-9210,CA
1479,Sarah,Gill,1979-05-29,***-**-2475,ID
1953,Gina,Moon,1989-04-16,***-**-6026,DE
1199,Kristen,Gomez,1994-02-14,***-**-3365,CO
1565,Brandi,Herrera,1967-08-21,***-**-2202,MO
785,Scott,Smith,1992-07-08,***-**-7083,MO
525,Andrew,Rocha,1980-11-15,***-**-6711,VA
1384,Carol,Gonzalez,1965-05-15,***-**-7727,ND
34,Tyler,Allen,1990-10-20,***-**-2723,LA
357,Eric,Stewart,1985-11-02,***-**-1687,NE
338,Tara,Weiss,1984-01-26,***-**-1537,KY
1132,Melissa,Long,1982-04-17,***-**-0270,WI
600,Austin,Moran,1986-11-08,***-**-4629,MO
1646,Sheila,Fuentes,1969-07-26,***-**-0928,GA
820,Michael,Jackson,1961-05-06,***-**-0399,ND
761,Alexander,Robbins,1961-05-28,***-**-1810,NY
1167,William,Young,1957-10-08,***-**-6502,IN
812,Amber,Collins,1976-05-18,***-**-2118,NV
185,Sarah,Ware,1986-02-13,***-**-5840,OR
1242,James,Sanchez,1986-09-18,***-**-9729,WV
718,Mary,Cisneros,1979-02-20,***-**-6532,IN
1264,Lisa,Peterson,1991-07-17,***-**-0624,TX
1943,David,Hunt,1958-11-10,***-**-8751,CA
424,Heather,Eaton,1988-12-29,***-**-4343,ME
1040,Christine,Long,1963-01-15,***-**-4307,OH
1081,Edward,Rogers,1992-07-31,***-**-4719,RI
1512,Robert,Hernandez,1977-10-30,***-**-5768,VT
916,Matthew,Wells,1982-03-19,***-**-3424,IA
1333,Ellen,Jackson,1968-07-21,***-**-6239,PA
364,Thomas,Brown,1962-01-11,***-**-6614,AK
1634,Karen,Thompson,1972-08-05,***-**-0708,HI
126,Debra,Barr,1989-02-12,***-**-7326,MT
567,Melissa,Johnson,1983-05-27,***-**-3935,LA
414,Ronald,Boyd,1983-11-04,***-**-7000,MS
1010,Adam,Davis,1959-03-14,***-**-9864,NJ
1014,James,Erickson,1979-02-17,***-**-6184,RI
1208,William,Lane,1982-04-15,***-**-0409,VT
53,John,White,1982-02-24,***-**-4393,ME
722,Pamela,Ortiz,1990-03-13,***-**-6253,PA
1391,Donna,Clark,1987-04-07,***-**-3543,NC
670,Mike,Burke,1979-05-09,***-**-3812,NY
2049,Michelle,Hill,1957-01-26,***-**-2454,AL
423,Dana,Davis,1967-03-02,***-**-4598,MT
1181,Brittany,Webster,1980-01-28,***-**-2296,TX
899,Justin,Romero,1988-05-25,***-**-5569,OH
1396,Brandon,Miller,1974-04-01,***-**-2443,NM
648,Melissa,Hendricks,1961-09-16,***-**-6637,KS
245,Kimberly,Scott,1964-10-10,***-**-2120,OK
845,Amy,Williams,1958-10-10,***-**-0952,AK
1950,William,Wright,1975-11-16,***-**-7918,MD
362,Rachel,Mcdowell,1979-04-26,***-**-2963,AK
470,Barbara,Estrada,1983-12-20,***-**-0289,NV
539,William,Jones,1967-08-13,***-**-4239,MD
766,Michael,Williams,1971-05-27,***-**-4633,OK
450,Adrian,Parker,1986-04-08,***-**-9399,CO
1210,Ashley,Rivera,1964-07-23,***-**-7934,NE
923,Matthew,Griffin,1987-01-02,***-**-3734,VT
378,Taylor,Norman,1987-02-06,***-**-7109,UT
1297,Harry,Roberts,1968-02-27,***-**-9243,IN
1294,Shawn,Snyder,1965-04-14,***-**-9603,OK
617,Courtney,Sanchez,1969-12-23,***-**-5491,OK
2100,Cory,Nguyen,1988-02-13,***-**-9204,NH
1300,Dillon,Porter,1994-07-08,***-**-3794,FL
1720,William,Leach,1975-06-11,***-**-5386,NV
1119,Amanda,Sanders,1964-06-17,***-**-8479,VT
1949,Bernard,Kim,1968-10-04,***-**-3296,IL
1020,Susan,Mendez,1989-02-23,***-**-6760,HI
512,Lindsay,Harris,1967-09-23,***-**-4974,IL
1825,Elizabeth,Mckay,1975-06-18,***-**-4629,MA
1355,Laura,Gonzalez,1991-02-23,***-**-0054,CO
314,Amanda,Ross,1957-06-06,***-**-0611,KY
597,Alejandro,Scott,1968-11-05,***-**-3244,OK
370,Derek,Sanchez,1964-12-04,***-**-1818,MI
895,Patrick,King,1973-06-20,***-**-2638,ME
1846,Jill,Hamilton,1991-11-07,***-**-9698,CA
2063,Brooke,Peterson,1965-07-31,***-**-1545,MS
995,Michael,Haas,1961-10-12,***-**-8176,WY
2065,Laura,Clark,1983-11-01,***-**-9301,SC
907,Debbie,Hill,1968-06-12,***-**-0343,LA
1049,Mike,Miller,1980-11-20,***-**-6130,MT
1993,Gabriel,Peters,1987-12-27,***-**-3489,TX
1545,Jeffrey,Brown,1988-12-03,***-**-0673,CA
473,Jason,Campbell,1976-07-24,***-**-3475,UT
1896,Anne,Gill,1989-05-24,***-**-0549,ME
520,Katherine,Wilson,1972-12-16,***-**-2381,VT
218,Joseph,Mcintosh,1961-07-17,***-**-1041,TN
662,Erin,Ortiz,1962-07-25,***-**-1510,TX
1907,Donald,Foster,1984-07-05,***-**-2750,IL
1612,Erin,Gallegos,1990-02-20,***-**-0552,SC
1171,Stephen,Reed,1960-05-18,***-**-5458,MT
731,Ashley,Gutierrez,1991-12-11,***-**-0123,ME
1335,Eileen,Benson,1966-11-07,***-**-5795,IL
781,Reginald,Jackson,1965-08-10,***-**-6778,CT
1778,Felicia,Edwards,1983-12-26,***-**-0974,IA
113,Dawn,Schmidt,1982-12-08,***-**-2713,TX
391,Jill,Hall,1983-11-13,***-**-8813,AZ
1845,Laura,Fox,1990-11-05,***-**-8109,NE
158,Darlene,Ellis,1994-09-13,***-**-3881,KY
1320,Lisa,Harris,1959-10-22,***-**-0170,FL
1951,David,Miller,1976-04-13,***-**-1387,MT
69,Eric,Clark,1971-11-21,***-**-3894,ME
1759,Rachel,Washington,1985-11-07,***-**-8983,WI
1365,Bianca,Torres,1978-12-28,***-**-7874,TN
1671,Angela,Smith,1961-03-13,***-**-5600,NY
1424,Pamela,Hale,1969-10-30,***-**-3067,ME
635,Kyle,Rivera,1992-12-12,***-**-3275,AR
1044,Shari,Stewart,1970-02-26,***-**-8470,IA
2035,Nathan,Sheppard,1968-08-07,***-**-8280,MI
1371,Patricia,Ferguson,1959-04-27,***-**-5356,AR
238,Natalie,Porter,1974-02-05,***-**-1071,DE
286,Robert,Anderson,1982-05-27,***-**-4340,TN
1131,Andrew,Howard,1965-08-11,***-**-5489,AL
477,Randy,Mack,1976-09-17,***-**-8346,AZ
1763,Crystal,Thomas,1972-07-23,***-**-9079,OR
1963,Angela,Reyes,1959-07-26,***-**-4418,KY
72,Charles,Williams,1972-01-09,***-**-1525,KY
1450,Andrea,Brown,1967-12-28,***-**-9598,IN
504,Timothy,Henson,1987-04-18,***-**-0242,WY
1789,Terri,Levine,1987-03-29,***-**-6427,VT
971,Jesse,Pacheco,1969-07-17,***-**-0584,CA
247,Julie,Jacobs,1984-04-12,***-**-4568,NE
279,Stephanie,Hoover,1990-08-30,***-**-5541,UT
2104,Veronica,Blake,1991-05-28,***-**-4434,UT
2036,Matthew,Smith,1958-08-10,***-**-1697,WY
1329,Elizabeth,Lynn,1993-08-01,***-**-2211,KY
540,Devin,Johnson,1964-07-11,***-**-3213,UT
284,Cameron,Turner,1964-08-02,***-**-6438,NC
1548,Luke,Robinson,1993-04-10,***-**-5430,TN
1834,Cheryl,Carpenter,1994-01-03,***-**-8234,LA
183,Loretta,Ramirez,1980-12-20,***-**-6782,AR
1843,Anthony,Garner,1993-06-16,***-**-9060,ND
888,Walter,West,1967-09-04,***-**-7787,NV
594,Todd,Brown,1978-04-30,***-**-6104,NM
562,Jenny,Reed,1968-08-23,***-**-9156,WY
1337,Joseph,Paul,1994-02-08,***-**-9283,NJ
666,Samantha,Brewer,1994-09-13,***-**-0433,ND
309,Jacqueline,Shelton,1984-11-27,***-**-7295,MO
967,Patricia,Hamilton,1991-07-07,***-**-5191,NE
110,Megan,Cook,1974-05-21,***-**-5748,HI
936,Thomas,Caldwell,1987-01-25,***-**-7036,TX
1433,Samuel,Ryan,1993-01-24,***-**-2946,NJ
1879,Kayla,Monroe,1969-01-10,***-**-4972,ND
404,Jessica,Harper,1978-11-28,***-**-3504,MI
152,Chad,Copeland,1967-05-07,***-**-9661,WA
46,Joseph,Anthony,1989-03-06,***-**-5196,TX
984,Madeline,Irwin,1958-09-03,***-**-0671,AK
318,Chad,West,1974-01-12,***-**-1189,MN
225,Aaron,Brown,1970-09-02,***-**-8081,KS
1266,Megan,Powell,1962-02-21,***-**-6166,KS
354,Ivan,Conley,1982-01-25,***-**-0309,CA
344,Bianca,Page,1987-02-22,***-**-3023,NM
1202,Matthew,Henry,1981-03-30,***-**-6295,RI
1233,Wesley,Smith,1975-05-17,***-**-7758,AR
1986,Shannon,Torres,1983-01-06,***-**-1380,MS
2121,Noah,Herman,1964-02-13,***-**-7801,ME
1684,Christina,Morgan,1963-03-05,***-**-5012,CO
111,Lisa,Williams,1991-07-14,***-**-5641,SD
715,Angela,Adams,1973-05-09,***-**-7304,MO
869,Deborah,Anthony,1980-04-02,***-**-8077,ND
514,Jeffrey,Owens,1972-09-05,***-**-6976,MT
1787,Kevin,Howard,1980-05-31,***-**-8767,KY
229,Tina,Peters,1959-07-08,***-**-3646,MO
1200,Louis,Hart,1957-05-09,***-**-5742,RI
1352,Juan,Barry,1964-04-07,***-**-0783,VA
1184,Michael,Garrett,1965-09-17,***-**-4728,IN
896,Justin,Miller,1993-08-08,***-**-6228,NE
287,Chad,Robinson,1976-08-30,***-**-1062,RI
763,Daniel,Callahan,1979-05-31,***-**-8277,NV
609,William,Payne,1966-05-25,***-**-6537,NJ
993,Alvin,Shea,1972-07-30,***-**-5567,PA
658,Joseph,Cox,1969-06-06,***-**-3058,MO
1677,William,Miranda,1976-01-14,***-**-8664,NJ
890,Christopher,Mcintosh,1963-11-11,***-**-6744,NY
876,Ashley,Herring,1984-05-21,***-**-7136,CA
22,Jeremy,Ellis,1961-10-14,***-**-5018,LA
1047,James,Miller,1976-08-14,***-**-6770,VT
1367,Jimmy,Walker,1991-06-13,***-**-8798,CA
795,Pamela,Huynh,1980-07-02,***-**-6706,AZ
831,Sherri,Nguyen,1963-06-17,***-**-7282,AR
1253,Victor,Gonzales,1956-12-20,***-**-6873,AR
934,Kevin,Johnson,1990-05-31,***-**-2470,UT
104,Stephanie,Walker,1978-02-06,***-**-3945,GA
1362,Matthew,Taylor,1968-04-06,***-**-2274,WA
429,Renee,Decker,1988-02-04,***-**-8096,UT
1903,Jonathan,Avila,1965-05-31,***-**-7342,CO
1523,Mary,Lee,1966-09-02,***-**-1358,WV
33,Andrew,Jennings,1988-04-22,***-**-8660,CA
1206,Ashley,Fernandez,1990-09-14,***-**-6998,PA
1011,Thomas,Kidd,1982-12-12,***-**-7421,WV
1075,Thomas,Shaffer,1963-12-14,***-**-4522,FL
1052,John,Douglas,1975-09-26,***-**-6117,AR
684,Robert,Benitez,1957-10-24,***-**-0167,IA
1328,Micheal,Ramirez,1985-07-31,***-**-3317,LA
386,Jennifer,Watson,1989-09-10,***-**-6997,UT
445,Sarah,Mitchell,1957-10-01,***-**-7146,NY
1021,Erica,Moore,1957-03-20,***-**-0654,MN
1969,Michael,Pruitt,1985-11-14,***-**-6561,WA
487,Jennifer,Johnson,1980-04-15,***-**-5708,LA
739,Darrell,Moreno,1980-11-30,***-**-7021,AK
1331,Andrew,Barrett,1959-08-16,***-**-1591,MT
1648,Michael,Le,1986-12-28,***-**-1535,NV
380,Ryan,Myers,1973-07-09,***-**-0813,LA
1694,Courtney,Rivera,1961-01-18,***-**-8563,SD
1139,Michelle,Parrish,1963-05-26,***-**-8720,WV
558,Ronnie,Nash,1959-06-05,***-**-1227,OH
356,Jesse,Jackson,1973-08-11,***-**-7626,TX
95,Paula,Gilbert,1969-07-13,***-**-6532,LA
2059,Jared,Martin,1977-04-05,***-**-3266,OK
894,Joshua,Massey,1993-06-21,***-**-9713,NE
1796,William,Martin,1957-01-09,***-**-1042,AR
1053,Ernest,Guzman,1969-01-24,***-**-6904,RI
2124,Lisa,Porter,1962-07-28,***-**-0789,WI
1165,Carlos,Diaz,1972-06-25,***-**-9779,NE
1812,Richard,Neal,1976-12-08,***-**-4878,ID
101,Andres,Rivera,1993-05-19,***-**-2760,PA
515,Nicole,Neal,1968-03-23,***-**-7256,ND
697,Kimberly,Stephens,1981-07-28,***-**-8363,AR
1660,Erika,Dalton,1990-03-23,***-**-6658,NJ
1774,Catherine,Osborne,1986-06-08,***-**-0018,OH
530,Amanda,Miller,1990-10-08,***-**-0431,WV
1493,Kristin,Johnson,1980-05-18,***-**-1647,WV
571,William,Rush,1980-10-26,***-**-4311,WA
858,Joe,Brown,1994-03-13,***-**-9088,KS
1133,Kimberly,Nelson,1978-12-04,***-**-2012,AZ
1496,Heather,Foster,1959-01-07,***-**-8466,MO
1345,Brandy,Lambert,1982-09-06,***-**-8681,OH
969,Amy,Small,1993-05-19,***-**-3612,NH
825,Christopher,Francis,1982-10-31,***-**-8536,IA
1480,Lorraine,Butler,1981-10-13,***-**-1324,RI
1262,Timothy,Scott,1978-04-11,***-**-2563,WI
1256,Adam,Leonard,1982-05-14,***-**-3927,SD
607,Ashley,Baker,1991-10-07,***-**-3210,WI
165,Carolyn,Owens,1979-05-02,***-**-9140,CA
1989,Michelle,Nolan,1963-04-28,***-**-2978,CO
689,Thomas,Rose,1979-06-19,***-**-6533,OR
1475,Robert,Flores,1973-04-17,***-**-1191,NE
1268,Bryan,Whitehead,1989-01-10,***-**-9651,NV
1800,Michael,Decker,1959-07-17,***-**-4721,TN
957,Taylor,Watson,1986-09-17,***-**-5802,ME
633,Hannah,Richards,1978-09-10,***-**-3709,MO
575,Haley,Sanchez,1991-10-10,***-**-2490,VA
192,Cynthia,Gray,1957-09-10,***-**-7826,GA
1975,Elizabeth,May,1987-04-07,***-**-5485,ND
164,Tracy,Miles,1976-05-21,***-**-1924,NY
313,James,Herrera,1958-04-27,***-**-6143,NM
664,Benjamin,Galvan,1969-06-14,***-**-7125,OR
659,David,Choi,1970-12-06,***-**-2416,GA
1973,Jeffrey,Mccarty,1990-02-27,***-**-9024,NC
1174,Sherry,Monroe,1985-05-18,***-**-3276,LA
838,Michael,Gonzalez,1977-02-26,***-**-6500,NH
1771,Darren,Harrell,1962-03-06,***-**-5656,OR
1705,Joseph,Long,1981-07-31,***-**-2926,ND
867,Tammy,Curry,1990-12-13,***-**-6118,CO
379,Anthony,Thomas,1964-09-03,***-**-5389,TN
1819,Rodney,Lawson,1988-10-22,***-**-6989,NM
770,Steven,Gould,1969-06-15,***-**-1538,MN
2069,Austin,Cox,1983-01-07,***-**-9405,LA
383,Shelly,Miller,1962-04-30,***-**-5240,IL
1937,Rachel,Pratt,1966-12-05,***-**-4743,AR
1586,John,Hill,1992-01-07,***-**-7717,TX
1795,Gerald,Hernandez,1982-03-01,***-**-3648,CA
1227,Donald,Richardson,1969-05-25,***-**-2416,CA
1172,Philip,Cannon,1992-01-19,***-**-2516,CA
2031,William,King,1967-06-10,***-**-5590,AK
1226,Lee,Reed,1987-05-25,***-**-0149,OR
1126,Veronica,Strickland,1974-04-20,***-**-4151,NH
533,James,Gonzalez,1965-01-07,***-**-2194,NC
1114,Jacqueline,Ward,1986-12-20,***-**-4524,NH
215,Jose,Johnson,1967-05-22,***-**-2628,ND
1451,Ronald,Smith,1957-09-28,***-**-4374,DE
1214,Katherine,King,1963-09-26,***-**-6189,RI
701,Carla,Burnett,1977-09-07,***-**-0943,CA
2017,Evelyn,Bradley,1957-06-18,***-**-0969,SC
1193,Thomas,Jordan,1958-02-17,***-**-2612,PA
1398,Eric,Hernandez,1959-06-03,***-**-8875,IL
1056,Stephen,Hicks,1966-10-23,***-**-6660,VT
891,Terri,Richardson,1965-08-09,***-**-9746,IL
990,Charlotte,Evans,1973-04-27,***-**-5916,PA
1964,Jeffrey,Rose,1959-07-25,***-**-3871,FL
792,Jeanne,Williams,1964-12-10,***-**-6601,TX
932,Rebecca,Anderson,1978-03-18,***-**-7809,MN
1380,Jacob,Chavez,1978-10-10,***-**-4084,PA
529,Richard,Nelson,1992-11-04,***-**-1489,FL
1626,Alison,Collins,1991-09-10,***-**-8839,LA
1066,Holly,Fox,1985-08-11,***-**-3929,WY
738,Carolyn,Williams,1978-03-01,***-**-7077,RI
447,Cathy,Cooper,1994-02-15,***-**-8979,MT
1633,Keith,Horn,1988-12-13,***-**-3102,MI
1472,Suzanne,Saunders,1966-10-29,***-**-1282,GA
1029,William,Molina,1989-03-18,***-**-9180,AK
2075,Steven,Stanton,1993-12-09,***-**-0927,MO
1710,Bryan,Stephens,1991-05-01,***-**-9078,TX
1793,Aaron,Allen,1969-12-14,***-**-6459,HI
20,Gina,Hunt,1986-08-12,***-**-3821,NV
1111,Lori,Wilson,1980-12-03,***-**-3755,IA
114,Kristi,Spencer,1963-08-30,***-**-3145,NE
1616,Michelle,Huffman,1974-05-13,***-**-5948,AL
970,Valerie,Simmons,1973-08-07,***-**-4323,AR
762,John,Medina,1959-12-24,***-**-5244,GA
730,Denise,Ewing,1974-09-02,***-**-5290,LA
878,Anna,Meyers,1976-06-14,***-**-6602,AZ
1947,Ashley,Bray,1981-10-01,***-**-8804,WV
1976,Gabrielle,Ochoa,1969-12-02,***-**-5306,ME
873,Brandon,Dunn,1973-11-29,***-**-4941,FL
329,Elizabeth,Chavez,1960-12-04,***-**-2197,MI
1252,Kyle,Rios,1967-04-06,***-**-2992,WA
1830,Jason,Hill,1991-07-27,***-**-4407,IL
749,Kristen,Li,1991-05-25,***-**-3025,MD
660,Charles,Simmons,1972-10-19,***-**-4900,WA
2094,Derek,Dixon,1963-05-22,***-**-2196,AK
61,Sarah,Williams,1992-07-30,***-**-0343,AK
1271,Kaitlin,Costa,1989-08-26,***-**-7674,VT
2032,Matthew,Jones,1989-11-30,***-**-0361,MA
324,Molly,Bennett,1984-07-14,***-**-4164,MA
649,Bobby,Jones,1968-02-15,***-**-1848,NH
1061,Jennifer,Lewis,1968-04-13,***-**-4353,ID
1507,Brian,Wilson,1963-02-14,***-**-0693,GA
1567,Thomas,Graham,1988-10-02,***-**-5911,MA
1655,Deborah,Acosta,1992-07-08,***-**-1988,ID
1591,Mitchell,Cook,1988-02-08,***-**-4451,PA
1205,Amy,Jacobs,1957-08-20,***-**-4913,RI
611,Kimberly,Williams,1962-10-02,***-**-1474,OH
55,John,Williams,1963-05-11,***-**-8882,MO
1617,Bernard,Martinez,1959-01-01,***-**-2910,SC
588,Allison,Walter,1978-10-21,***-**-5582,WY
840,William,Boyle,1986-05-25,***-**-3702,SD
184,Jessica,Howell,1962-11-02,***-**-8142,WA
128,Christine,Anthony,1989-01-18,***-**-0561,NY
644,Samuel,Jones,1989-06-10,***-**-3255,CT
1738,Kyle,Moore,1970-09-18,***-**-5398,ND
373,Brittany,Vance,1974-07-06,***-**-3913,TN
1302,Laura,Jacobson,1962-02-05,***-**-9901,WV
1611,Erin,Briggs,1987-02-25,***-**-6681,AR
1596,Stephen,Smith,1963-05-13,***-**-9670,MI
1368,Douglas,Clark,1982-03-10,***-**-7437,NV
1766,Brandon,Oneal,1985-01-08,***-**-1872,MI
509,Andrew,Baldwin,1960-07-19,***-**-9735,MO
222,Anna,Schroeder,1972-03-27,***-**-3797,KY
1808,Valerie,Stone,1994-01-07,***-**-8118,NE
980,Sean,Sanchez,1963-11-29,***-**-1009,WI
1476,Vanessa,Graham,1972-09-21,***-**-1982,NY
2009,Katherine,Anderson,1988-09-26,***-**-8425,ME
2076,Erica,Gonzalez,1967-08-29,***-**-7362,NC
1659,Stacy,Johnson,1980-10-27,***-**-7345,FL
434,Kevin,Watts,1957-06-20,***-**-3488,NH
119,Emily,Nguyen,1960-11-27,***-**-6079,NV
244,Lynn,Hall,1977-04-12,***-**-7857,OK
804,Gail,Johnson,1990-06-06,***-**-3613,CT
212,Connie,Olsen,1988-12-30,***-**-6860,OH
417,Michael,Church,1959-11-27,***-**-5079,KY
555,Mike,Wilson,1962-12-23,***-**-7316,MN
519,Crystal,Fisher,1972-11-10,***-**-9745,ID
232,Charles,Duncan,1980-02-14,***-**-9851,NC
898,Roy,Perkins,1988-10-10,***-**-8096,FL
24,Dustin,Jackson,1979-01-06,***-**-2345,HI
2086,Laura,Contreras,1962-05-17,***-**-6546,WY
1709,Timothy,Morton,1993-07-02,***-**-3871,SD
1606,John,Morrison,1984-01-10,***-**-4470,MA
1917,Joseph,Wood,1957-11-02,***-**-5341,FL
928,Oscar,Romero,1987-03-08,***-**-5634,IL
1175,Shannon,Wilson,1969-11-19,***-**-3974,UT
1500,James,Armstrong,1975-07-23,***-**-4550,ND
848,Ronnie,Ellison,1980-04-22,***-**-2267,WA
216,Joshua,Wilcox,1986-09-27,***-**-7150,OK
274,Bryan,Rocha,1964-02-03,***-**-8996,AZ
756,Matthew,Flynn,1957-10-05,***-**-1385,VA
1925,Amanda,Turner,1960-12-28,***-**-7060,MN
1731,Steven,White,1959-03-05,***-**-4892,MA
1019,Andrea,Berry,1989-02-14,***-**-6290,AL
1155,Shawn,Burke,1960-01-01,***-**-9071,CA
449,Rhonda,Wilson,1987-01-08,***-**-0832,VT
115,Jay,Hart,1963-05-14,***-**-6255,CT
1636,Ashley,Martinez,1986-04-13,***-**-5385,NV
84,Elizabeth,Johnston,1974-08-03,***-**-2936,IL
1478,Andrew,Acevedo,1991-06-29,***-**-6963,MT
384,Michelle,Lynch,1972-03-28,***-**-8040,PA
1582,Cristian,Gibbs,1963-02-08,***-**-9478,CT
